{
        "speed": 3,

     	"lowAltitude": true,
        "mineSpeed": 6,
        "buildSpeed": 2.5,
        "mineTier": 4,
        "itemCapacity": 110,
        "accel": 0.05,
        "drag": 0.04,
        "flying": true,
        "health": 900,
        "hitSize": 24,
        "armor": 3,
        "engineSize": 3,
        "engineOffset": 12.5,
       "engineColor": "F3E979FF",
        "range": 140,
        "faceTarget": true,
	    "weapons": [
	   {
  "name": "asguards-spear",
    "shootCone": 15,
    "mirror": false,
    "x": 0,
    "y": 0,
    "shootY": 14,
    "reload": 90,
"shoot": {
    "firstShotDelay": 60
},
    "shootStatus": "unmoving",
  "shootStatusDuration": 60,
    "shootSound": "laser",
    "parentizeEffects": true,
    "bullet": {
    "recoil": 2,
    "sprite": "exogenesis-spear",
    "chargeEffect": {
    "followParent": true,
    "rotWithParent": true,
    "type": "multiEffect",
    "lifetime": 60,
    "effects": [
    {
    "type": "ParticleEffect",
    "particles": 15,
    "offset": 100,
    "sizeFrom": 4,
    "sizeTo": 4,
    "length": 60,
    "baseLength": -60,
    "interp": "pow3In",
    "sizeInterp": "pow5Out",
    "lifetime": 60,
    "colorFrom": "F3E97900",
    "colorTo": "F3E979FF"
    },
    {
    "type": "ParticleEffect",
    "particles": 15,
    "offset": 100,
    "sizeFrom": 4,
    "sizeTo": 4,
    "length": 70,
    "baseLength": -70,
    "interp": "pow3In",
    "sizeInterp": "pow5Out",
    "lifetime": 50,
    "colorFrom": "F3E97900",
    "colorTo": "F3E979FF"
    },
    {
    "type": "ParticleEffect",
    "particles": 15,
    "offset": 100,
    "sizeFrom": 4,
    "sizeTo": 4,
    "length": 80,
    "baseLength": -80,
    "interp": "pow3In",
    "sizeInterp": "pow5Out",
    "lifetime": 40,
    "colorFrom": "F3E97900",
    "colorTo": "F3E979FF"
    },
    {
    "type": "ParticleEffect",
    "particles": 1,
    "sizeFrom": 0,
    "sizeTo": 9,
    "length": 0,
    "region": "exogenesis-spear-effect",
    "interp": "swingOut",
    "lifetime": 70,
    "colorFrom": "FFFFFFF",
    "colorTo": "FFFFFFF"
    },
    {
    "type": "ParticleEffect",
    "particles": 1,
    "sizeFrom": 0,
    "sizeTo": 14,
    "length": 0,
    "region": "exogenesis-spear-effect",
    "interp": "swingOut",
    "lifetime": 70,
    "colorFrom": "F3E979FF",
    "colorTo": "F3E979FF"
	}
    ]
    },
    "hitEffect": {
    "type": "ParticleEffect",
    "line": true,
    "particles": 6,
    "lifetime": 26,
    "length": 55,
    "cone": -40,
    "lenFrom": 8,
    "lenTo": 8,
    "colorFrom": "FFFFFFF",
    "colorTo": "F3E979FF"    
    },
    "despawnEffect": {
    "type": "ParticleEffect",
    "line": true,
    "particles": 6,
    "lifetime": 26,
    "length": 55,
    "cone": -40,
    "lenFrom": 8,
    "lenTo": 8,
    "colorFrom": "FFFFFFF",
    "colorTo": "F3E979FF"        
    },
    "hitPowerEffect": {
    "type": "ParticleEffect",
    "line": true,
    "particles": 6,
    "offset": 5,
    "lifetime": 12,
    "length": 35,
    "cone": -360,
    "lenFrom": 10,
    "lenTo": 0,
    "colorFrom": "FFFFFFF",
    "colorTo": "F3E979FF"
    },
    "width": 44,
    "height": 44,
    "pierce": true,
    "buildingDamageMultiplier": 0.15,
    "lightning": 4,
    "lightningDamage": 10,
    "lightningLength": 10,
    "lightningCone": 40,
    "lightningLengthRand": 8,
    "radius": 30,
    "hitColor": "F3E979FF",
    "trailColor": "F3E979FF",
    "trailLength": 20,
    "trailWidth": 2.5,
    "hitUnits": true,
    "unitDamageScl": 1.3,
    "timeIncrease": 1.5,
    "timeDuration": 50,
    "powerDamageScl": 3,
    "powerSclDecrease": 0.1,
    "type": "EmpBulletType",
    "shrinkX": 0,
    "shrinkY": 0,
    "damage": 90,
    "speed": 13,
    "frontColor": "FFFFFFF",
    "backColor": "F3E979FF",
    "lifetime": 15
			}
		}
     ],
    "abilities": [
        {
            "type": "mindustry.entities.abilities.ForceFieldAbility",
            "radius": 40,
            "regen": 3,
            "max": 230,
            "cooldown": 60
            }
        ]
}
