 {
    "type": "flying",
     "flying": true,
 	"speed": 3,
	"outlineColor": "464A59FF",
"engineColor": "A9D8FFFF",
 "lowAltitude": true,
	"hitSize": 34,
	"health": 2100,
  "accel": 0.4,
  "drag": 0.26,
    "engineSize": 6,
    "engineOffset": 8,
   "trailColor": "A9D8FFFF",
   "trailLength": 6,
    "mineSpeed": 20,
    "buildSpeed": 7.6,
    "mineTier": 7,
    "itemCapacity": 140,
	"armor": 8,
	"faceTarget": true,
	"singleTarget": true,
	"range": 180,
	"targetAir": true,
	"rotateSpeed": 3,
        "parts": [
         {
        "type": "shapePart",
        "hollow": true,
        "circle": true,
        "y": -10,
        "layer": 110,
        "color": "66B1FFff",
        "stroke": 2,
        "strokeTo": 2,
        "radiusTo": 8,
        "radius": 8
        },
        {
         "type": "FlarePart",
          "color2": "FFFFFF",
          "color1": "66B1FFff",
          "y": -10,
          "followRotation": true,
          "stroke": 2,
          "radius": 7
         },
        {
        "type": "HaloPart",
        "y": -10,
        "radius": 3,
        "tri": true,
        "layer": 110,
        "color": "66B1FFff",
        "haloRadius": 17,
        "haloRadiusTo": 17,
        "haloRotateSpeed": -1,
        "haloRotation": 90,
        "shapeRotation": 180,
        "stroke": 0,
        "strokeTo": 2,
        "shapes": 2,
        "triLengthTo": 6,
        "triLength": 6
           },
           {
        "type": "HaloPart",
        "y": -10,
        "radius": 3,
        "tri": true,
        "layer": 110,
        "color": "66B1FFff",
        "haloRadius": 17,
        "haloRotateSpeed": -1,
        "haloRotation": 90,
        "haloRadiusTo": 17,
        "stroke": 0,
        "strokeTo": 2,
        "shapes": 2,
        "triLengthTo": 10,
        "triLength": 10
        },
        {
        "type": "HaloPart",
        "y": -10,
        "radius": 2.4,
        "tri": true,
        "layer": 110,
        "color": "66B1FFff",
        "haloRotateSpeed": -1,
        "haloRadius": 8,
        "haloRadiusTo": 8,
        "stroke": 0,
        "strokeTo": 2,
        "shapes": 2,
        "triLengthTo": 9,
        "triLength": 9
           },
           {
        "type": "HaloPart",
        "y": -10,
        "radius": 2.4,
        "tri": true,
        "layer": 110,
        "color": "66B1FFff",
        "haloRotateSpeed": 1,
        "haloRadius": 8,
        "haloRadiusTo": 8,
        "stroke": 0,
        "strokeTo": 2,
        "shapes": 2,
        "triLengthTo": 9,
        "triLength": 9
}
         ],
	"immunities": [
		"burning", 
		"exogenesis-neutron-overcharge",
		"melting",
		"freezing"
	],
	"weapons": [
	    {
  "name": "stars",
  "x": 17,
  "y": 1.5,
  "baseRotation": -90,
  "reload": 60,
  "top": true,
  "rotate": false,
  "shootY": 6,
   "shootCone": 180,
  "recoil": 2,
  "inaccuracy": 10,
  "shoot": {
   "type": "shootPattern",
    "shots": 2,
    "shotDelay": 3
    },
    "shootSound": "laser",
    "bullet": {
     "type": "basicBulletType",
     "spawnUnit": "exogenesis-starlit-missile"
    }
    }
    ],
    "abilities": [
    {
     "type": "mindustry.entities.abilities.StatusFieldAbility",
      "effect": "exogenesis-neutron-overcharge",
      "parentizeEffects": true,
      "effectY": 23,
      "activeEffect": "none",
      "range" : 100,
      "reload" : 5,
      "duration" : 5
    },
    {
  "type": "mindustry.entities.abilities.StatusFieldAbility",
      "effect": "none",
      "effectY": -9,
      "effectX": -15,
      "activeEffect": {
      "type": "multiEffect",
      "effects": [
      {
    "type": "ParticleEffect",
    "particles": 1,
    "sizeFrom": 3,
    "sizeTo": 0,
    "length": 0.01,
    "lifetime": 60,
    "colorFrom": "66B1FFFF",
    "colorTo": "66B1FF80",
    "lightOpacity": 0.3
       }
      ]
      },
      "range" : 1,
      "reload" : 1,
      "duration" : 5
    },
    {
  "type": "mindustry.entities.abilities.StatusFieldAbility",
      "effect": "none",
      "effectY": -9,
      "effectX": 15,
      "activeEffect": {
      "type": "multiEffect",
      "effects": [
      {
    "type": "ParticleEffect",
    "particles": 1,
    "sizeFrom": 3,
    "sizeTo": 0,
    "length": 0.01,
    "lifetime": 60,
    "colorFrom": "66B1FFFF",
    "colorTo": "66B1FF80",
    "lightOpacity": 0.3
       }
      ]
      },
      "range" : 1,
      "reload" : 1,
      "duration" : 5
    },
    {
    "type": "EnergyFieldAbility",
    "shootSound": "none",
    "healEffect": "none",
    "color": "66B1FFFF",
    "maxTargets": 1,
    "layer": 101,
    "healPercent": 0.1,
    "damage": 20,
    "range": 0,
    "rotateSpeed": 5,
    "sectors": 6,
    "y": -9,
    "x": -15,
    "hitBuildings": true,
    "sectorRad": 0.11,
    "effectRadius": 1,
    "reload": 50,
    "status": "none"
    },
    {
    "type": "EnergyFieldAbility",
    "shootSound": "none",
    "healEffect": "none",
    "color": "66B1FFFF",
    "maxTargets": 1,
    "layer": 101,
    "healPercent": 0.1,
    "damage": 20,
    "range": 0,
    "rotateSpeed": 5,
    "sectors": 6,
    "y": -9,
    "x": 15,
    "hitBuildings": true,
    "sectorRad": 0.11,
    "effectRadius": 1,
    "reload": 50,
    "status": "none"
            },
            {
            "type": "mindustry.entities.abilities.ForceFieldAbility",
            "radius": 50,
            "regen": 4,
            "max": 750,
            "cooldown": 70
            }
        ]
}
