{
        "localizedName": "Healer Missile Drone",
	"description": "Fires basic missiles at all nearby enemies.",
        "research": "tf1-constructor",
        "speed": 5,
        "accel": 0.05,
	"hitsize": 6,
        "drag": 0.05,
        "flying": true,
        "health": 45,
        "armor": 0,
	"range": 32,
        "engineOffset": 2,
		"engineSize": 1.4,
		"TargetAir": true,
        "commandLimit": 5,
        "circleTarget": false,
		"weapons": [
		{
			"name": "weapon",
			"x": 0,
			"y": 2,
			"reload": 20,
			"shootSound": "missile",
			"mirror": false,
			"shootCone": 15,
			"ejectEffect": "none"
			"bullet": {
		  "type": "MissileBulletType",
		  "damage": 5,
		  "speed": 4.5,
		  "frontColor": "80FFB7FF",
		  "backColor": "60DDB5FF",
		  "trailColor": "60DDB5FF",
		  "lifetime": 70,
		  "weaveScale": 4
		  "weaveMag": 2
		  "homingRange": 20,
		  "homingPower": 0.1,
	          "healPercent": 0.06,
		  "sprite": "missile",
		  "width": 7,
		  "height": 7,
		  "hitEffect": {
				"type": "ParticleEffect",
				"particles": 5,
				"sizeFrom": 1,
				"interp": "circleOut",
				"sizeInterp": "swingIn",
				"colorFrom": "80FFB7FF",
				"colorTo": "80FFB7FF",
				"length": 5
			},
		  "shootEffect": {
				"type": "ParticleEffect",
				"particles": 5,
				"sizeFrom": 1,
				"interp": "circleOut",
				"sizeInterp": "swingIn",
				"colorFrom": "80FFB7FF",
				"colorTo": "80FFB7FF",
				"length": 5,
			        "followParent": false
			},
			"despawnEffect": {
				"type": "ParticleEffect",
				"particles": 5,
				"sizeFrom": 1,
				"interp": "circleOut",
				"sizeInterp": "swingIn",
				"colorFrom": "80FFB7FF",
				"colorTo": "80FFB7FF",
				"length": 5
			}
	  }
		}
		]
}
