{
    "localizedName": "Archix",
    "description": "Fires multiple piercing sap lasers and bolts at all nearby enemies.",
	"details": "Ship designed for unit combat, assists other units by sapping the enemy, making said enemy take extra damage and move slower.",
    "research": "dagger",
    "type": "naval",
    "speed": 1.1,
    "drag": 0.13,
    "armor": 3.5,
	"targetAir": true,
    "hitSize": 9.5,
    "health": 255,
    "accel": 0.4,
    "rotateSpeed": 3.3,
    "trailLength": 20,
    "rotateShooting": false,
	"weapons": [
		{
    "name": "purple-laser",
    "reload": 35,
	"mirror": false,
    "x": 0,
    "y": -5.7555555,
    "shootY": 8,
    "recoil": 1.5,
    "shake": 1,
    "rotate": true,
    "shootSound": "laser",
    "rotateSpeed": 5.5,
	"shots": 2,
	"spacing": 5,
    "shootCone": 45,
	"bullet": {
    "type": "LaserBulletType",
    "length": 100,
    "width": 10,
    "damage": 17,
    "hitEffect": {
    "type": "ParticleEffect",
    "particles": 5,
    "lifetime": 100,
    "lightColor": "BF92F9FF",
    "length": 45,
    "cone": -360,
	"sizeFrom": 6,
	"sizeTo": 0,
    "lenFrom": 5,
	"interp": "circleOut",
    "lenTo": 0,	
    "colorFrom": "BF92F9FF",
    "colorTo": "665C9F00"
    },
    "status": "sapped",
	"statusDuration": 100,
    "colors":["665C9FAA", "BF92F9FF", "ffffff"],
    "lightColor": "BF92F9FF",
    "sideAngle": 90,
    "sideLength": 1,
    "sideWidth": 1
    }
		}
	{
    "name": "mount-purple-weapon",
    "reload": 15,
	"mirror": true,
    "x": 3.5,
    "y": 2.7555,
    "shootY": 8,
    "recoil": 0.75,
    "rotate": true,
    "shootSound": "sap",
    "rotateSpeed": 15.7545304555,
    "shootCone": 45,
	"inaccuracy": 3,
	"shots": 2,
	"shotDelay": 2,
	"bullet": {
    "type": "LaserBoltBulletType"
    "damage": 1,
	"xShrink": 0.5,
	"despawnEffect": {
    "type": "ParticleEffect",
    "particles": 3,
    "lifetime": 100,
    "lightColor": "BF92F9FF",
    "length": 45,
    "cone": -360,
	"sizeFrom": 6,
	"sizeTo": 0,
    "lenFrom": 5,
	"interp": "circleOut",
    "lenTo": 0,	
    "colorFrom": "BF92F9FF",
    "colorTo": "665C9F00"
    },
	"frontColor": "BF92F9FF",
	"backColor": "9D70D7FF",
	"homingRange": 25,
	"homingPower": 0.05075,
	"pierce": true,
	"speed": 3,
    "hitEffect": {
    "type": "ParticleEffect",
    "particles": 3,
    "lifetime": 100,
    "lightColor": "BF92F9FF",
    "length": 45,
    "cone": -360,
	"sizeFrom": 6,
	"sizeTo": 0,
    "lenFrom": 5,
	"interp": "circleOut",
    "lenTo": 0,	
    "colorFrom": "BF92F9FF",
    "colorTo": "665C9F00"
    },
    "status": "sapped",
	"statusDuration": 10,
	"lightning": 1,
	"lightningDamage": 0.1,
	"lightningColor": "BF92F9FF",
	"lightningLength": 5,
	"lightningLengthRand": 1,
	"lightningCone": 360
    }
  }
	]
}
