{
    "localizedName": "Angodia",
    "description": "Debuffs nearby enemies with a sapping flamethrower. Heals nearby allied units with a mounted repair point.",
	"details": "Debuff enemies, heal allies? bruh its not a support boat, exogenesis has a genesux unit oort it can heal, its fine dude",
    "research": "pn1-archix",
    "type": "naval",
    "speed": 0.85,
    "drag": 0.13,
    "armor": 2.1,
	"targetAir": true,
    "hitSize": 12.25,
    "health": 320,
    "accel": 0.3,
    "rotateSpeed": 3.3,
    "trailLength": 35,
    "rotateShooting": false,
	"immunities": [
	"burning",
	"sapped"
	],
	"weapons": [
		{
    "name": "purple-flamethrower",
    "reload": 3,
	"mirror": true,
    "x": 4,
    "y": 2.5,
    "shootY": 3,
    "recoil": 0.5,
    "rotate": true,
    "shootSound": "flame",
    "rotateSpeed": 5.5,
	"inaccuracy": 12.5,
    "shootCone": 45,
	"bullet": {
    "type": "BasicBulletType",
    "width": 0.1,
	"height": 0.1,
    "damage": 19,
	"speed": 4,
	"absorbable": false,
	"hittable": false,
	"reflectable": false,
	"shootEffect": {
	"type": "ParticleEffect",
	"followParent": false,
	"particles": 6,
	"colorFrom": "BF92F9FF",
	"colorTo": "AAAAAAFF",
	"sizeFrom": 3,
	"sizeTo": 1,
	"cone": 12.5,
	"interp": "circleOut",
	"lifetime": 30.5,
	"length": 60
	},
	"pierce": true,
	"pierceBuilding": false,
	"lifetime": 15,
	"incendChance": 0.235,
	"incendAmount": 1,
	"incendSpread": 10,
	"frontColor": "00000000",
	"backColor": "00000000",
	"despawnEffect": "none",
    "hitEffect": "none",
    "status": "sapped",
	"statusDuration": 10,
    }
		}
	{
    "name": "purple-heal-weapon",
    "type": "RepairBeamWeapon",
	"reload": 5,
	"mirror": false,
    "x": 0,
    "y": -8.45,
    "shootY": 2,
    "recoil": 0.75,
	"repairSpeed": 0.75,
    "rotate": true,
    "shootSound": "none",
	"laserColor": "BF92F9FF",
	"beamWidth": 1
    "rotateSpeed": 15.7545304555,
	"bullet": {
    "type": "BasicBulletType"
	"maxRange": 100
	"despawnEffect": "none",
	"hitEffect": "none"
	}
	}
	]
}
