{
    "type": "ItemTurret",
    "name": "[Shotgun] Steinka MKI",
    "description": "Designed by Deutsche Legendenindustrie. Effective on Crawlers!",
    "health": 300,
    "size": 2,
    "reload": 30,
    "inaccuracy": 10,
    "shootSound": "Turrets/SteinkaMKI",
    "range": 125,
    "rotateSpeed": 30,
    "shoot":{
        "type": "ShootMulti",
        "source": "ShootAlternate",
        "dest": [
           {
           "type": "ShootBarrel",
           "shots": 12,
           "barrels": [
                0, 0, 0,
              ],
            },
          ],
        },
    "ammoTypes": {
        "copper": {
          "speed": 8,
          "damage": 30,
          "width": 2,
          "height": 9,
          "shootEffect": "shootSmall",
          "smokeEffect": "shootSmallSmoke",
          "lifetime": 60,
          "hitSound": "Hits/hitShotgun"
        },
        "lead": {
            "speed": 8,
            "damage": 34,
            "width": 2,
            "height": 9,
            "shootEffect": "shootSmall",
            "smokeEffect": "shootSmallSmoke",
            "lifetime": 60,
            "hitSound": "Hits/hitShotgun"
          },
        "metaglass": {
            "speed": 10,
            "damage": 47,
            "width": 2,
            "height": 9,
            "shootEffect": "shootSmall",
            "smokeEffect": "shootSmallSmoke",
            "lifetime": 60,
            "hitEffect": "flakExplosion",
            "splashDamage": 60,
            "splashDamageRadius": 25,
            "hitSound": "Hits/hitShotgun"
        }
    },
    "category": "turret",
    "research": "Deutschland",
    "requirements": [    
        "copper/35"
    ]
}
