{
    "type": "ItemTurret",
    "name": "[Shotgun] Steinka MKIII",
    "description": "The ultimate version of Steinka. I hope it isn't over-powered...",
    "health": 450,
    "size": 2,
    "reload": 20,
    "inaccuracy": 7,
    "shootSound": "Turrets/SteinkaMKIII",
    "range": 175,
    "rotateSpeed": 25,
    "shoot":{
        "type": "ShootMulti",
        "source": "ShootAlternate",
        "dest": [
           {
           "type": "ShootBarrel",
           "shots": 12,
           "barrels": [
                0, 0, 0,
              ],
            },
          ],
        },
    "ammoTypes": {
        "copper": {
          "speed": 12,
          "damage": 50,
          "width": 2,
          "height": 9,
          "shootEffect": "shootSmall",
          "smokeEffect": "shootSmallSmoke",
          "lifetime": 60,
          "hitSound": "Hits/hitShotgun"
        },
        "lead": {
            "speed": 15,
            "damage": 59,
            "width": 2,
            "height": 9,
            "shootEffect": "shootSmall",
            "smokeEffect": "shootSmallSmoke",
            "lifetime": 60,
            "hitSound": "Hits/hitShotgun"
          },
        "metaglass": {
            "speed": 20,
            "damage": 60,
            "width": 2,
            "height": 9,
            "shootEffect": "shootSmall",
            "smokeEffect": "shootSmallSmoke",
            "lifetime": 60,
            "hitEffect": "flakExplosion",
            "splashDamage": 70,
            "splashDamageRadius": 35,
            "hitSound": "Hits/hitShotgun"
        }
    },
    "category": "turret",
    "research": "SteinkaMKII",
    "requirements": [    
        "copper/50",
        "lead/20",
        "graphite/5"
    ]
}
