{
    "type": "ItemTurret",
    "name": "[Shotgun] Steinka MKII",
    "description": "The improved version of Steinka, which can shot further.",
    "health": 350,
    "size": 2,
    "reload": 25,
    "inaccuracy": 7,
    "shootSound": "Turrets/SteinkaMKII",
    "range": 168,
    "rotateSpeed": 30,
    "shoot":{
        "type": "ShootMulti",
        "source": "ShootAlternate",
        "dest": [
           {
           "type": "ShootBarrel",
           "shots": 12,
           "barrels": [
                0, 0, 0,
              ],
            },
          ],
        },
    "ammoTypes": {
        "copper": {
          "speed": 8,
          "damage": 35,
          "width": 2,
          "height": 9,
          "shootEffect": "shootSmall",
          "smokeEffect": "shootSmallSmoke",
          "lifetime": 60,
          "hitSound": "Hits/hitShotgun"
        },
        "lead": {
            "speed": 10,
            "damage": 40,
            "width": 2,
            "height": 9,
            "shootEffect": "shootSmall",
            "smokeEffect": "shootSmallSmoke",
            "lifetime": 60,
            "hitSound": "Hits/hitShotgun"
          },
        "metaglass": {
            "speed": 15,
            "damage": 53,
            "width": 2,
            "height": 9,
            "shootEffect": "shootSmall",
            "smokeEffect": "shootSmallSmoke",
            "lifetime": 60,
            "hitEffect": "flakExplosion",
            "splashDamage": 65,
            "splashDamageRadius": 30,
            "hitSound": "Hits/hitShotgun"
        }
    },
    "category": "turret",
    "research": "SteinkaMKI",
    "requirements": [    
        "copper/40",
        "lead/15"
    ]
}
