{
    "research": "oct",
    "type": "payload",
    "controller": "DefenderAI",
    "singleTarget": true,
    "faceTarget": false,
    "buildSpeed": 5,
    "drawShields": false,
    "payloadCapacity": 5000,
    "crashDamageMultiplier": 20,
    "speed": 0.75,
    "accel": 0.2,
    "drag": 0.2,
    "rotateSpeed": 1.4,
    "flying": true,
    "engineColor": "FFD37FFF",
    "health": 50000,
    "hitSize": 74,
    "armor": 20,
    "engineOffset": 52,
    "range": 180,
    "engineSize": 6,
    "commandLimit": 3,
    "abilities": [
        {
            "type": "EnergyFieldAbility",
            "statusDuration": 300,
            "status": "electrified",
            "maxTargets": 10,
            "damage": 100,
            "healPercent": 0.6,
            "range": 300,
            "sectors": 4,
            "rotateSpeed": 3,
            "hitBuildings": true,
            "sectorRad": 0.64,
            "effectRadius": 10,
            "reload": 100
        },
        {
            "type": "UnitSpawnAbility",
            "layer": 110,
            "spawnX": 20,
            "spawnY": -25,
            "unit": "nano",
            "spawnTime": 500
        },
        {
            "type": "UnitSpawnAbility",
            "layer": 110,
            "spawnX": -20,
            "spawnY": -25,
            "unit": "nano",
            "spawnTime": 500
        },
        {
            "type": "mindustry.entities.abilities.RepairFieldAbility",
            "healEffect": {
                "type": "WaveEffect",
                "lifetime": 150,
                "sizeFrom": 30,
                "strokeFrom": 4,
                "strokeTo": 0,
                "colorFrom": "84F491FF",
                "colorTo": "84F491FF" 
            },
            "range": 300,
            "amount": 3500,
            "reload": 300 
        },
        {
            "type": "ShieldArcAbility",
            "region": "mindustrinity-atlas-shield",
            "drawArc": false,
            "whenShooting": false,
            "regen": 15,
            "max": 10000,
            "cooldown": 500 
        } 
    ]      
}