{
    "research": "omura",
    "type": "naval",
    "armor": 30,
    "drag": 0.17,
    "targetAir": true,
    "range": 350,
    "hitSize": 64,
    "health": 65000,
    "speed": 0.6,
    "accel": 0.2,
    "rotateSpeed": 0.8,
    "trailX": 23,
    "trailY": -37,
    "trailScl": 4,
    "trailLength": 75,
    "rotateShooting": false,
    "commandLimit": 3,
	"weapons": [
        {
            "name": "leviathan-swarm",
            "shootCone": 25,
            "alternate": true,
            "mirror": true,
            "top": true,
            "y": 3,
            "x": -24,
            "rotate": true,
            "rotateSpeed": 2.9,
            "reload": 60,
            "recoil": 4.5,
            "shoot": {
                "type": "shootPattern",
                "shots": 4,
                "shotDelay": 10
            },
            "inaccuracy": 10,
            "shootSound": "missile",
            "velocityRnd": 0.4,
            "bullet": {
                "keepVelocity": false,
                "type": "MissileBulletType",
                "hitEffect": "flakExplosion",
                "despawnEffect": "flakExplosion",
                "shootEffect": "shootBig",
                "damage": 85,
                "speed": 6,
                "lifetime": 60,
                "homingPower": 0.0567,
                "homingRange": 100,
                "weaveScale": 5,			
                "weaveMag": 5,
                "height": 14,
                "width": 10,
                "splashDamageRadius": 20,
                "splashDamage": 38
            }
        },
        {
            "name": "leviathan-swarm",
            "shootCone": 25,
            "alternate": true,
            "mirror": true,
            "top": true,
            "y": -23,
            "x": 25,
            "rotate": true,
            "rotateSpeed": 2.9,
            "reload": 60,
            "recoil": 2,
            "shoot": {
                "type": "shootPattern",
                "shots": 4,
                "shotDelay": 10
            },
            "inaccuracy": 10,
            "shootSound": "missile",
            "bullet": {
                "keepVelocity": false,
                "type": "MissileBulletType",
                "hitEffect": "flakExplosion",
                "despawnEffect": "flakExplosion",
                "shootEffect": "shootBig",
                "damage": 85,
                "speed": 6,
                "lifetime": 60,
                "homingPower": 0.0567,
                "homingRange": 100,
                "weaveScale": 10,	
                "height": 14,
                "width": 10,
                "splashDamageRadius": 20,
                "splashDamage": 38
            }
        },
        {
            "name": "leviathan-main",
            "x": 0,
            "y": 0,
            "reload": 120,
            "top": true,
            "rotate": true,
            "mirror": false,
            "cooldownTime": 120,
            "recoil": 2,
            "rotateSpeed": 1.0,
            "shootY": 2,
            "shots": 3,
            "shake": 3,
            "shootSound": "shootBig",
            "ejectEffect": "casing3Double",
            "bullet": {
                "type": "basicBulletType",
                "hitEffect": "massiveExplosion",
                "shootEffect": "shootBig",
                "smokeEffect": "shootPyraFlame",
                "despawnEffect": "massiveExplosion",
                "pierce": true,
                "pierceBuilding": true,
                "pierceCap": 4,
                "lifetime": 60,
                "damage": 1250,
                "speed": 10,
                "width": 25,
                "height": 35,
                "splashDamage": 30,
                "splashDamageRadius": 25,
                "fragBullets": 10,
                "fragVelocityMin": 4,
                "fragCone": 360,
                "fragLifeMin": 1,
                "fragBullet": {
                    "type": "BasicBulletType",
                    "status" : "melting",
                    "height" : 12,
                    "width" : 12,
                    "lifetime": 20,
                    "damage" : 50,
                    "pierce": true,
                    "pierceBuilding": true,
                    "splashDamage" : 30,
                    "splashDamageRadius" : 10,	
                    "hitEffect": "flakExplosion"
                }
            }
        }
    ],
    "abilities": [ 
        {
            "type": "UnitSpawnAbility",
            "spawnX": 0,
            "spawnY": -35,
            "unit": "risso",
            "spawnTime": 1500
        }
    ]
}