{
    "research": "toxopid",
    "type": "legs",
    "groundLayer": 75,
    "drawShields": false,
    "faceTarget": true,
    "speed": 0.5,
    "heatColor": "FF9b59FF",
    "hitSize": 45,
    "rotateSpeed": 0.8,
    "health": 30000,
    "armor": 8,
    "drag": 0.2,
    "range": 220,
    "flying": false,
	"legSpeed": 0.09,
	"maxStretch": 1.5,
	"legCount": 8,
	"legBaseOffset": 15,
    "legLengthScl": 0.93,
    "legPairOffset": 3,
	"legMoveSpace": 0.8,
	"legExtension": -10,
	"legLength": 86,
	"rippleScale": 6,
	"landShake": 3,
    "legSplashDamage": 120,
    "legSplashRange": 42,
	"visualElevation": 0.7,
	"allowLegStep": true,
	"hovering": true,
    "lockLegBase": true,
    "legContinuousMove": true,
    "commandLimit": 3,
    "immunities": [
        "burning",
        "iridiated", 
        "melting",
        "freezing"
    ],
    "weapons": [ 
        {
            "name": "scylla-weapon",
            "x": 20.8,
            "y": 15,
            "rotateSpeed": 0.8,
            "rotate": true,
            "mirror": true,
            "reload": 150,
            "recoil": 5,
            "shootY": 4,
            "alternate": true,
            "layerOffset": -0.001,
            "rotationLimit": 40,
            "minWarmup": 0.9,
            "shootCone": 25,
            "inaccuracy": 10,
            "heatColor": "FF9b59FF",
            "shootSound": "shogun",
            "shoot": {
                "type": "ShootPattern",
                "shots": 12,
                "shotDelay": 0.4
            },
            "bullet": { 
                "type": "basicBulletType",
                "width": 13,
                "height": 17,
                "sprite": "mindustrinity-heavy-bullet",
                "frontColor": "FFFFFF",
                "backColor": "BF92F8FF",
                "lifetime": 50,
                "speed": 8,
                "damage": 650,
                "trailRotation": true,
                "pierceArmor": true,
                "radius": 60,
                "hitColor": "A9D8FFFF",
                "shootEffect": "lightningShoot",
                "trailColor": "BF92F8FF",
                "pierce": true,
                "pierceCap": 30,
                "trailParam": 6,
                "trailLength": 10,
                "trailWidth": 3.5,
                "trailChance": 1,
                "despawnEffect": {
                    "type": "ParticleEffect",
                    "line": true,
                    "particles": 7,
                    "lifetime": 20,
                    "offset": 50,
                    "length": 85,
                    "cone": -360,
                    "lenFrom": 6,
                    "lenTo": 0,
                    "colorFrom": "BF92F8FF",
                    "colorTo": "BF92F8FF"
                },
                "trailEffect": {
                    "type": "ParticleEffect",
                    "line": true,
                    "particles": 3,
                    "lifetime": 10,
                    "offset": 50,
                    "length": -85,
                    "cone": -30,
                    "lenFrom": 6,
                    "lenTo": 0,
                    "colorFrom": "BF92F8FF",
                    "colorTo": "665C9FFF"
                }
            }
        },
        {
            "name": "laser-scylla",
            "x": 0,
            "y": -13,
            "controllable": false,
            "autoTarget": true,
            "shootY": 8.5,
            "rotateSpeed": 2.5,
            "rotate": true,
            "alternate": false,
            "mirror": false,
            "reload": 245,
            "recoil": 2,
            "shake": 0.1,
            "cooldownTime": 145,
            "heatColor": "FF9b59FF",
            "shootSound": "beam",
            "chargeSound": "lasercharge2",
            "continuous": true,
            
            "bullet": { 
                "type": "ContinuousLaserBulletType",
                "colors": ["BF92F8FF", "665C9FFF", "FFFFFF"],
                "damage": 25,
                "width": 4,
                "length": 250,
                "drawSize": 470,
                "lifetime": 210,
                "shake": 0.5,
                "despawnEffect": "smokeCloud",
                "smokeEffect": "smokeCloud",
                "shootEffect": {
                    "type": "ParticleEffect",
                    "line": true,
                    "particles": 12,
                    "offset": 15,
                    "lifetime": 13,
                    "length": 35,
                    "cone": -30,
                    "lenFrom": 10,
                    "lenTo": 0,
                    "colorFrom": "FFFFFF",
                    "colorTo": "BF92F8FF"
                }
            }
        }
    ],
    "abilities": [ 
        {
            "type": "ShieldArcAbility",
            "radius": 60,
            "region": "mindustrinity-scylla-shield",
            "regen": 11,
            "drawArc": false,
            "whenShooting": false,
            "width": 11,
            "y": -25,
            "max": 6000,
            "cooldown": 260
        }
    ]
}