{
    "research": "eclipse",
    "lightRadius":200,
    "speed":0.55,
    "accel":0.02,
    "drag":0.018,
    "faceTarget": true,
    "flying":true,
    "health":50000,
    "hitSize":80,
    "armor":30,
    "engineOffset":47,
    "engineSize":7.8,
    "lowAltitude":true,
    "targetAir":true,
    "engineColor":"FFD37FFF",
    "commandLimit": 3,
    "weapons":
    [
        {
            "name":"smaug-rocketeer",
            "controllable": false,
            "autoTarget": true,
            "rotateSpeed":4,
            "alternate":false,
            "mirror":false,
            "top":true,
            "x":0,
            "y":-24,
            "reload":8,
            "shoot":
            {
                "type":"ShootAlternate",
                "shots":1,
                "barrels":3,
                "spread":3
            },
            "recoil":3,
            "rotate":true,
            "shootY":2,
            "inaccuracy":7,
            "xRand":8,
            "shootSound":"missile",
            "velocityRnd":0.4,
            "bullet":
            {
                "type":"MissileBulletType",
                "shootEffect":"shootHealYellow",
                "damage":45,
                "speed":4,
                "keepVelocity":false,
                "frontColor":"FFFFFFF",
                "backColor":"FFA664FF",
                "trailColor":"FFA664FF",
                "lifetime":70,
                "homingPower":1,
                "homingRange":100,
                "weaveScale":5,
                "weaveMag":2,
                "height":8,
                "width":8,
                "splashDamageRadius":30,
                "splashDamage":30,
                "lightning":4,
                "lightningDamage":10,
                "lightningLength":10,
                "lightningCone":360,
                "lightningLengthRand":8
            }
        },
        {
            "name":"smaug-laser",
            "mirror":true,
            "alternate":true,
            "x":35,
            "y":0,
            "shootY": 7,
            "rotateSpeed":1.4,
            "shake": 4,
            "reload": 35,
            "recoil": 4,
            "shootSound": "laser",
            "rotate": true,
            "bullet": {
                "type": "laserBulletType",
                "damage": 150,
                "sideAngle": 20,
                "sideWidth": 1.5,
                "sideLength": 80,
                "width": 45,
                "colors":["CF6A53AA", "FFA566FF", "FFFFFF"],
                "length": 320
            }
        }
    ],
    "abilities": [
    ]
}