{	
    "type": "GenericCrafter",
    "category": "crafting",
    "research": "laser-drill",
    "size": 3,
    "health": 700,
    "hasPower": true,
    "hasItems": true,
    "hasLiquids": true,
    "itemCapacity": 15,
    "liquidCapacity": 750,
    "craftTime": 120,
    "updateEffect": "none",
    "ambientSound": "flame2",
    "consumes": {
        "power": 5,
        "items": {
            "items": [ 
                "sulfur/6"
            ]
        },
        "liquid": "water/0.8"
	},
    "requirements": [
        "silicon/75", 
        "plastanium/10", 
        "titanium/15", 
        "thorium/20"
    ],
    "outputLiquid": {
		"liquid": "acid",
		"amount": 0.8
	},
    "drawer": {
        "type": "DrawMulti",
        "drawers": [
            {
                "type": "drawRegion",
                "suffix": "-bottom"    
            },
            {
                "type": "DrawLiquidRegion",
                "drawLiquid": "water",
                "suffix": "-liquid" 
            },
            {
                "type": "DrawLiquidRegion",
                "drawLiquid": "mindustrinity-acid",
                "suffix": "-liquid" 
            },
            {
                "type": "DrawRegion",
                "suffix": "-rotator",
                "rotateSpeed": -4,
                "spinSprite": true
            },   
            {
                "type": "DrawDefault"
            }
        ]
    }
}