{	
    "type": "GenericCrafter",
    "category": "crafting",
	"research": "melter",
	"outputLiquid": "slag/0.8",
    "size": 2,
	"hasPower": true,
	"hasItems": true,
    "liquidCapacity": 15,
	"itemCapacity": 15,
	"craftTime": 60,
	"consumes": {
		"power": 1.2,
		"items": {
			"items": [
                "coal/2",
                "scrap/4"            
 			]
		}
	},"drawer": {
    "type": "DrawMulti",
        "drawers": [
            {
                "type": "drawRegion",
                "suffix": "-bottom"    
            },
            {
                "type": "DrawLiquidTile",
                "drawLiquid": "slag"
            },
            {
                "type": "DrawDefault"
            }
        ]
    },
	"requirements": [
        "lead/70",
        "steel/75",    
        "titanium/50",
        "silicon/50"
	]
}