{
    "type": "GenericCrafter",
    "research": "steel-forge",
    "size": 3,
    "health": 700,
    "category": "crafting",
    "hasPower": true,
    "hasItems": true,
    "hasLiquids": false,
    "itemCapacity": 80,
    "craftTime": 40,
    "ambientSound": "smelter",
    "ambientSoundVolume": 0.07,
    "updateEffect": "none",
    "craftEffect": {
        "type": "multiEffect",
        "effects": [ {
                "type": "ParticleEffect",
                "particles": 4,
                "length": 15,
                "lifetime": 15,
                "interp": "circleOut",
                "sizeInterp": "pow5In",
                "lightColor": "FF6D59FF",
                "colorFrom": "787878",
                "colorTo": "FF6D59FF",
                "sizeFrom": 4.5,
                "sizeTo": 0
                },
                {
                "type": "ParticleEffect",
                "particles": 3,
                "length": 20,
                "lifetime": 20,
                "interp": "circleOut",
                "sizeInterp": "pow5In",
                "lightColor": "FF6D59FF",
                "colorFrom": "787878",
                "colorTo": "FF6D59FF",
                "sizeFrom": 3.5,
                "sizeTo": 0
                },
                {
                "type": "ParticleEffect",
                "particles": 2,
                "length": 25,
                "lifetime": 30,
                "interp": "circleOut",
                "sizeInterp": "pow5In",
                "lightColor": "FF6D59FF",
                "colorFrom": "787878",
                "colorTo": "FF6D59FF",
                "sizeFrom": 2,
                "sizeTo": 0
                }
            ]
        },
        "consumes": {
        "power": 3,
        "items": {
            "items": [
                "steel/1"
            ]
        },
        "liquid": "vulcanite/0.4"
    },
    "requirements": [
        "surge-alloy/140",
        "lead/40",
        "infused-iridium/140",
        "silicon/80"
    ],
    "drawer": {
        "type": "DrawMulti",
        "drawers": [
            {
                "type": "DrawDefault"
            },
            {
                "type": "DrawFlame",
                "flameColor": "FF6D59FF"  
            }
        ]
    },
    "outputItems": [
        "infused-vulcanite/1"
    ]
}