{
        "localizedName": "Renevant",
	"description": "[gray]A flying stauger, can fire powerful blasts of dark energy it has upgraded dark bolters and it can shoot large dark energy shells over large distance."
        "accel": 0.04,
        "drag": 0.01,
        "flying": true,
        "health": 850,
        "armor": 6,
        "engineOffset": 7.55,
		"range": 120
		"TargetAir": true,
        "commandLimit": 8,
		"faceTarget": true,
		"rotateShooting": true,
        "circleTarget": false,
	    "weapons": [
		{
    "name": "lich-laser",
  "x": 0,
  "y": 2,
  "mirror": false,
  "top": false,
  "shake": 4,
  "shootY": 23,
  "reload": 340,
  "recoil": 0,
  "chargeSound": "lasercharge2",
    "shootSound": "beam",
    "continuous": true,
    "cooldownTime": 250,
    "firstShotDelay": 39,
    "bullet": {
    "type": "ContinuousLaserBulletType",
    "damage": 10,
    "length": 220,
    "width": 5,
    "hitEffect": "hitMeltdown",
    "drawSize": 420,
    "lifetime": 200,
    "shake": 2,
    "knockback": -3,
    "despawnEffect": "smokeCloud",
    "smokeEffect": "none",
    "incendChance": 0.18,
    "incendSpread": 5,
    "incendAmount": 1,
    "colors":["000000FF", "FFFFFF", "000000FF", "FFFFFF"],
    "shootEffect": {
    "type": "WaveEffect",
    "lifetime": 39,
    "sizeFrom": 50,
    "sizeTo": 0,
    "strokeFrom": 4,
    "strokeTo": 0,
    "colorFrom": "000000FF"
    }
    }
  },
		{
    "name": "dark-artillery",
    "shootCone": 15,
    "mirror": true,
	"alternate": true,
    "top": true
	"rotate": true,
	"rotateSpeed": 0.5,
    "x": 3,
    "y": 2.5,
    "reload": 10,
    "shootSound": "shootSnap",
    "recoil": 0.5,
    "bullet": {
    "type": "FlakBulletType",
    "buildingDamageMultiplier": 1.15,
    "shootEffect": {
		"type": "WaveEffect",
		"colorFrom": "ffffffff",
		"colorTo": "000000ff",
		"sizeTo": 5,
	},
    "damage": 25,
    "speed": 6.5,
	"frontColor": "242424ff",
    "backColor": "111111ff",
    "trailColor": "242424ff",
    "lifetime": 120,
	"hitEffect": {
		"type": "WaveEffect",
		"colorFrom": "ffffffff",
		"colorTo": "000000ff",
		"sizeTo": 10,
		"lifetime": 25,
	},
	"despawnEffect": {
		"type": "WaveEffect",
		"colorFrom": "ffffffff",
		"colorTo": "000000ff",
		"sizeTo": 10,
		"lifetime": 25,
	},
	"status": "slow",
	"width": 12,
	"height": 12,
	"splashDamage": 25
	"splashDamageRadius": 45
	"statusDuration": 25,
    "frontColor": "252525ff",
    "backColor": "000000ff",	
			}
		},
		{
    "name": "dark-missiles",
    "shootCone": 15,
    "mirror": true,
	"alternate": true,
    "top": true
	"rotate": true,
	"rotateSpeed": 0.5,
    "x": 7,
    "y": -2,
    "reload": 25,
    "shootSound": "missile",
    "recoil": 0.5,
	"shots": 3,
	"shotDelay": 1,
    "bullet": {
    "type": "MissileBulletType",
    "buildingDamageMultiplier": 1.15,
    "shootEffect": {
		"type": "WaveEffect",
		"colorFrom": "ffffffff",
		"colorTo": "000000ff",
		"sizeTo": 5,
	},
    "damage": 25,
    "speed": 6.5,
	"width": 5
	"height": 5
	
	"frontColor": "242424ff",
    "backColor": "111111ff",
    "trailColor": "242424ff",
    "lifetime": 85,
	"hitEffect": {
		"type": "WaveEffect",
		"colorFrom": "ffffffff",
		"colorTo": "000000ff",
		"sizeTo": 10,
		"lifetime": 25,
	},
	"despawnEffect": {
		"type": "WaveEffect",
		"colorFrom": "ffffffff",
		"colorTo": "000000ff",
		"sizeTo": 10,
		"lifetime": 25,
	},
	"status": "slow",
	"splashDamage": 25
	"trailColor": "000000FF",
	"splashDamageRadius": 45
	"statusDuration": 25,
    "frontColor": "252525ff",
    "backColor": "000000ff",
    "homingRadius": 50,
    "homingPower": 0.11,
	"hitSound": "explosion"
	"weaveScale": 4.5,
	"weaveMag": 2.45,
	"lightning": 3,
	"lightningLength": 8.7,
	"lightningDamage": 10,
	"lightningLengthRand": 2.1,
	"lightningColor": "000000FF",
			}
		},
		{
    "name": "dark-artillery",
    "shootCone": 100,
    "mirror": true,
	"alternate": true,
    "top": true,
	"rotate": true,
	"rotateSpeed": 0.3,
    "x": 6,
    "y": -4,
    "reload": 25,
	"inaccuracy": 7,
    "shootSound": "bang",
    "recoil": 2.5,
	"shots": 10,
	"shake": 16,
	"shotDelay": 0.3,
	"shootEffect": {
	"type": "MultiEffect",
	"effects":[
	{
   "type": "ParticleEffect",
    "particles": 1,
    "sizeFrom": 13,
    "sizeTo": 0,
    "length": 0,
    "lightColor": "FFFFFFFF",
    "interp": "swingIn",
    "lifetime": 30,
    "colorFrom": "FFFFFFFF",
    "colorTo": "FFFFFFFF"
    },
    {
    "type": "ParticleEffect",
    "lightOpacity": 0,
    "particles": 1,
    "sizeFrom": 8,
    "sizeTo": 0,
    "interp": "swingIn",
    "length": 0,
    "lifetime": 30,
    "colorFrom": "000000FF",
    "colorTo": "000000FF"
    }
	],
	},
    "bullet": {
	"frontColor": "F3E979FF",
    "backColor": "ECD36FFF",
    "type": "ArtilleryBulletType",
    "buildingDamageMultiplier": 2.5,
    "damage": 45,
    "speed": 3.5,
	"pierce": true,
	"frontColor": "242424ff",
    "backColor": "111111ff",
    "trailColor": "242424ff",
	"trailChance": 0.5,
	"splashDamageRadius": 45,
	"splashDamage": 34.5,
	"trailLength": 3.5,
    "lifetime": 67.3,
	"scaleVelocity": true,
	"maxRange": 67.3,
	"serrations": 17,
    "height": 6,
	"width": 6,
	"hitSound": "plasmaboom",
	"hitEffect": {
	"type": "MultiEffect",
	"effects":[
	{
		"type": "WaveEffect",
		"colorFrom": "ffffffff",
		"colorTo": "000000ff",
		"sizeTo": 15.5
	},
	{
   "type": "ParticleEffect",
    "particles": 1,
    "sizeFrom": 13,
    "sizeTo": 0,
    "length": 0,
    "lightColor": "FFFFFFFF",
    "interp": "swingIn",
    "lifetime": 30,
    "colorFrom": "FFFFFFFF",
    "colorTo": "FFFFFFFF"
    },
    {
    "type": "ParticleEffect",
    "lightOpacity": 0,
    "particles": 1,
    "sizeFrom": 8,
    "sizeTo": 0,
    "interp": "swingIn",
    "length": 0,
    "lifetime": 30,
    "colorFrom": "000000FF",
    "colorTo": "000000FF"
    }
	],
	},
	"despawnEffect": {
	"type": "MultiEffect",
	"effects":[
	{
		"type": "WaveEffect",
		"colorFrom": "ffffffff",
		"colorTo": "000000ff",
		"sizeTo": 15.5
	},
	{
   "type": "ParticleEffect",
    "particles": 1,
    "sizeFrom": 13,
    "sizeTo": 0,
    "length": 0,
    "lightColor": "FFFFFFFF",
    "interp": "swingIn",
    "lifetime": 30,
    "colorFrom": "FFFFFFFF",
    "colorTo": "FFFFFFFF"
    },
    {
    "type": "ParticleEffect",
    "lightOpacity": 0,
    "particles": 1,
    "sizeFrom": 8,
    "sizeTo": 0,
    "interp": "swingIn",
    "length": 0,
    "lifetime": 30,
    "colorFrom": "000000FF",
    "colorTo": "000000FF"
    }
	],
	},
	"status": "slow",
	"statusDuration": 75			
			}
		}
	]
}
