{
	"type": "itemTurret",
	"health": 1900,
    "coolantMultiplier": 1.0,
    "reload": 6.5,
    "restitution": 0.1,
    "ammoUseEffect": "casing3",
    "range": 300,
    "inaccuracy": 3,
    "recoilAmount": 4,
    "shoot": {
    "type": "ShootAlternate",
    "barrels": 2,
    "spread": 14,
    "shots": 1
    },
    "shootShake": 2,
    "size":  5,
    "shootCone": 24,
    "shootSound": "shootBig",
    "ammoTypes": {
          "blast-compound": {
            "status": "burning",
	        "statusDuration": "800",
            "speed": 6,
            "height": 18,
            "width": 15,
            "lifetime": 50,
            "damage": 100,
            "splashDamage": 55,
            "splashDamageRadius": 16,
            "knockback": 1.8,
            "hitSize": 12,
            "frontColor": "E66F57FF",
            "backColor": "C85C51FF",
            "shootEffect": "shootPyraFlame",
            "despawnEffect": "blastExplosion",
            "hitEffect": "blastExplosion"
        
        },
        "jupiteium": {
            "speed": 6,
            "height": 18,
            "width": 15,
            "pierce": "true",
            "lifetime": 50,
            "damage": 150,
            "knockback": 2.0,
            "hitSize": 12,
            "frontColor": "C28590FF",
            "backColor": "A16570FF",
            "status": "slow",
            "shootEffect": "shootPyraFlame",
            "despawnEffect": "flakExplosion",
            "hitEffect": "flakExplosion"

        },
        "surge-alloy": {
            "status": "shocked",
	        "statusDuration": "700",
            "speed": 6,
            "height": 18,
            "width": 15,
            "lifetime": 50,
            "damage": 200 ,
            "knockback": 1.8,
            "hitSize": 12,
            "frontColor": "F3E979FF",
            "backColor": "D99F6BFF",
            "shootEffect": "shootPyraFlame",
            "despawnEffect": "flakExplosionBig",
            "hitEffect": "flakExplosionBig",
            "lightning": 4,
            "lightningDamage": 44,
            "lightningCone": 360,
            "lightningLengthRand": 12,
            "lightningLength": 5,
            "collidesAir": true
        }
    },  
	"requirements": [
	    "thorium/350",
        "silicon/790",
        "jupiteium/470",
        "titanium/600",
        "surge-alloy/700"
	],
	"category": "turret",
	"research": "spectre"
}
