{
	"type": "LaserTurret",
	"size": 8,
	"unitSort": "strongest",
	"health": 8660,
	"reload": 170,
	"range": 345,
	"shots" : 1,
        "heatColor": "FFFFFFF",
	"targetAir" : true, 
	"targetGround" : true,
	"shootCone" : 40,
    "coolantMultiplier": 1.0,
    "consumes": {
          "power": 48
	"liquid": {
	"liquid": "cryofluid",
	"optional": false,
	"update": false,
	"amount": 0.7
	}
	},
    "update": true,
    "hasPower": true,
    "shootEffect": "shootBigSmoke2",
    "shootShake": 6,
    "firingMoveFract": 0.5,
    "shootDuration": 430,
    "shootSound": "laserbig",
    "loopSound": "beam",
    "loopSoundVolume": 4.5,
	"recoilAmount" : 4.5,
	"restitution" : 0.04, 
	"rotateSpeed": 2,
      "shootType" : {
      "type": "ContinuousLaserBulletType",
      "damage": 300,
      "width": 13,
      "oscScl": 2,
      "oscMag":	5,
      "length": 350,
      "status": "melting",
      "largeHit": true,
      "statusDuration": 50,
      "hitEffect": {
      "type": "ParticleEffect",
      "particles": 6,
      "length": 50,
      "lifetime": 15,
      "line": true,
      "lenFrom": 12,
      "lenTo": 12,
      "strokeFrom": 3,
      "strokeTo": 0.5,
      "colorFrom": "ffb98b",
      "colorTo": "ffb98b50" 
      },
      "drawSize": 500,
      "incendChance": 10,
      "pierce": true,
      "incendSpread": 7,
      "incendAmount": 4,
      "spaceMag": 45,
      "fragBullets": 1,
      "fragCone": 360,
	     "fragBullet": {
        "type": "ShrapnelBulletType",
        "serrations": 1,
        "status": "melting",
        "length": 20,
        "width": 20,
        "toColor": "ffb98b",
        "damage": 80
   }
	},

	"requirements": [
	    "titanium/1600",
        "surge-alloy/3000",
        "voltirium-alloy/1500",
        "copper/2300",
        "silicon/1700",
        "jupiteium/1300"
	],
	"category": "turret",
	"coolantUsage": 2.5,
	"research": "1-breakthrough"
}
