{
    "type": "ItemTurret",
    "localizedName": "Weld",
	"reload": 35,
	"range": 160,
	"restitution": 0.2,
	"shootCone": 20,
	"size": 5,
	"maxAmmo": 60,
	"health": 2650,
	"shootShake": 4,
         "shoot": {
        "type": "ShootSpread",
        "spread": 15,
        "shots": 5
        },
	"shootSound": "shotgun",
	"ammoPerShot": 4,
    "recoilAmount": 2,
	"ammoTypes": {
        "surge-alloy": {
            "status": "shocked",	
	    "statusDuration": "1200",
            "damage": 300,
            "width": 25,
            "pierce": "true",
            "type": "ShrapnelBulletType",
            "lifetime": 18,
            "length": 160,
            "serrations": 8,
            "fromColor": "FF8E38FF",
            "toColor": "F3E979FF",
            "shootEffect": "explosion",
	    "hitEffect": {
            "type": "ParticleEffect",
            "line": true,
            "particles": 7,
            "lifetime": 10,
            "length": 25,
            "cone": -360,
            "lenFrom": 5,
            "lenTo": 0,
            "colorFrom": "FFF8AFFF",
            "colorTo": "F3E979FF"
	        },
            "ammoMultiplier": 5,
            "lightning": 4,
            "lightningDamage": 10,
            "lightningLength": 13,
            "lightningCone": 20,
            "lightningLengthRand": 13
        },
        "thorium": {
            "damage": 200,
	        "status": "slow",
	        "statusDuration": "120",
            "width": 25,
            "pierce": "true",
            "type": "ShrapnelBulletType",
            "lifetime": 18,
            "length": 160,
            "serrations": 8,
            "fromColor": "F9A3C7FF",
            "toColor": "CB8EBFFF",
            "ammoMultiplier": 5,
            "shootEffect": "thoriumShoot",
            "hitEffect": "thoriumShoot"
            
            }
        },
	"requirements": [
	    "titanium/500",
        "plastanium/450",
        "silicon/600",
        "graphite/350",
        "thorium/400"
	],
	"category": "turret",
	"research": "fuse"
}
