{
    "type": "ItemTurret",
    "size": 3,
    "health": 240,
    "reload": 58,
    "range": 200,
    "inaccuracy": 2,
    "ammoUseEffect": "casing2",
    "ammoEjectBack": 3,
    "shoot": {
    "type": "ShootPattern",
    "shotDelay": 5,
    "shots": 5
    },
    "targetAir": true,
    "targetGround": true,
    "shootCone": 0.08,
    "shootShake": 2,
    "recoilAmount": 3,
    "cooldown": 0.06,
    "restitution": 0.06,
    "rotateSpeed": 2,
    "shootSound": "shootBig",
    "ammoTypes": {
        "titanium": {
            "type": "BasicBulletType",
            "speed": 5,
            "lifetime": 60,
            "damage": 40,
            "status": "freezing",
            "statusDuration": 100,
            "shootEffect": "shootBig",
            "knockback": 0.8,
            "height": 26,
            "width": 14,
			"frontColor":"79F2EEFF" ,
			"backColor": "74C2E8FF",
            "despawnEffect": "sparkShoot",
            "hitEffect": "sparkShoot",
            "pierce": false,
            "smokeEffect": "none"
        },
        "thorium": {
            "type": "BasicBulletType",
            "speed": 5,
            "damage": 60,
            "lifetime": 60,
            "height": 26,
            "width": 14,
            "knockback": 2.4,
			"frontColor": "F9A3C7FF",
			"backColor": "CB8EBFFF",
            "shootEffect": "shootBig",
            "despawnEffect": "explosion",
            "hitEffect": "explosion",
            "pierceCap": 2,
            "pierce": true,
            "smokeEffect": "none"
        },
        "surge-alloy": {
        "type": "BasicBulletType",
        "speed": 5,
        "damage": 84,
        "knockback": 0.8,
        "lifetime": 60,
        "height": 26,
        "width": 14,
	    "lightning": 3,
	    "lightningLength": 10,
	    "lightningDamage": 35,
        "frontColor": "F3E979FF",
        "backColor": "ECD36FFF",
        "shootEffect": "shootBig",
        "hitEffect": "flakExplosion",
        "despawnEffect": "flakExplosion",
        "pierce": false,
        "smokeEffect": "none"
        }
    },
    "requirements": [
        "thorium/400",
        "titanium/400",
        "silicon/380",
        "plastanium/360",
        "graphite/600"
    ],
    "category": "turret",
    "research": "salvo"
}
