{
    "type": "ItemTurret",
    "researchCostMultiplier": 0.1,
    "size": 1,
    "health": 140,
    "reload": 45,
    "range": 90,
    "maxAmmo": 12,
    "inaccuracy": 3,
    "shots": 2,
    "targetAir": false,
    "targetGround": true,
    "shootCone": 10,
    "spread": 1,
    "recoilAmount": 3,
    "restitution": 0.5,
    "rotateSpeed": 5,
    "shootSound": "shotgun",
    "ammoPerShot": 2,
    "ammoTypes": {
        "lead": {
            "type": "shrapnelBulletType",
            "lifetime": 19,
            "damage": 18,
            "serrations": 1,
            "fromColor": "8C7FA9FF",
            "toColor": "AB99D3FF",
            "length": 90,
            "width": 10,
            "hitEffect": "blastExplosion",
            "shootEffect": "blastExplosion",
            "pierce": true,
            "smokeEffect": "hitBulletBig"
        }
    },
    "requirements": [
		{ "item": "copper", "amount": 50 },
		{ "item": "lead", "amount": 34 }
    ],
    "category": "turret",
    "research": "duo"
}
