{
    "type": "itemTurret",
    "researchCostMultiplier": 0.3,
    "size": 4,
    "health": 480,
    "reload": 160,
    "range": 260,
    "targetAir": false,
    "targetGround": true,
    "recoilAmount": 2,
    "restitution": 0.04,
    "rotateSpeed": 2.5,
    "shootSound": "lasershoot",
     "shoot": {
   "firstShotDelay": 65,
    },
    "ammoTypes": {
        "graphite": {
        "type": "artilleryBulletType",
        "sprite": "circle-bullet",
        "speed": 3,
        "chargeEffect": "lancerLaserCharge",
	"chargeBeginEffect": "lancerLaserChargeBegin",
        "lifetime": 280,
        "shrinkY": 0,
        "shrinkX": 0,
        "damage": 65,
        "height": 12,
        "width": 12,
        "hitEffect": "producesmoke",
        "despawnEffect": "producesmoke",
        "trailChance": 1,
        "collides": true,
        "collidesAir": false,
        "collidesTiles": true,
        "homingRange": 200,
        "homingPower": 0.0567,
        "splashDamageRadius": 54,
        "splashDamage": 26,
        "trailColor": "95ABD9FF",
        "frontColor": "6B77A1FF",
        "backColor": "95ABD9FF"
        },
        "silicon": {
        "type": "artilleryBulletType",
        "sprite": "circle-bullet",
        "speed": 3.4,
        "lifetime": 290,
         "chargeEffect": "lancerLaserCharge",
	"chargeBeginEffect": "lancerLaserChargeBegin",
        "shrinkY": 0,
        "shrinkX": 0,
        "damage": 73,
        "height": 12,
        "width": 12,
        "hitEffect": "flakExplosion",
        "despawnEffect": "flakExplosion",
        "trailChance": 1,
        "collides": true,
        "collidesAir": false,
        "collidesTiles": true,
        "homingRange": 200,
        "homingPower": 0.0667,
        "splashDamageRadius": 64,
        "splashDamage": 37,
        "trailColor": "767A84FF",
        "frontColor": "8E9097FF",
        "backColor": "767A84FF"
        },
        "metaglass": {
        "type": "artilleryBulletType",
        "sprite": "circle-bullet",
        "speed": 3.2,
        "lifetime": 280,
        "chargeEffect": "lancerLaserCharge",
	"chargeBeginEffect": "lancerLaserChargeBegin",
        "damage": 88,
        "height": 12,
        "width": 12,
        "shrinkY": 0,
        "shrinkX": 0,
        "hitEffect": "flakExplosion",
        "despawnEffect": "flakExplosion",
        "trailChance": 1,
        "collides": true,
        "collidesAir": false,
        "collidesTiles": true,
        "homingRange": 200,
        "homingPower": 0.0367,
        "trailColor": "EBEEF5FF",
        "frontColor": "D0D0E0FF",
        "backColor": "EBEEF5FF",
	    "fragBullets": 18,
	    "fragBullet": {
		"type": "BasicBulletType",
		"lifetime": 120,
		"speed": 1,
		"damage" : 74,
		"frontColor": "D0D0E0FF",
		"backColor": "EBEEF5FF"
	    }
        }
    },
    "requirements": [
		{ "item": "copper", "amount": 360 },
		{ "item": "lead", "amount": 497 },
		{ "item": "titanium", "amount": 234 },
		{ "item": "graphite", "amount": 163 },
		{ "item": "silicon", "amount": 260 }
    ],
    "category": "turret",
    "research": "w-comet"
}
