 {
    "type": "legs",
    "groundLayer": 75,
    "research": {
    "parent": "b02-galileo",
    "requirements": [
    "astrolite/1200",
    "lead/2340",
    "silicon/1400"
    ]
    },
	"speed": 0.6,
	"hitSize": 25,
	"health": 2600,
	"armor": 6,
	"outlineColor": "36363c",
	"faceTarget": true,
	"drag": 0.2,
	"range": 180,
	"flying": false,
	"targetAir": true,
	"rotateSpeed": 2.5,
	"legCount": 6,
    "legMoveSpace": 1,
    "legLength": 21,
    "legExtension": -10,
    "legBaseOffset": 10,
    "legSpeed": 0.2,
    "legLengthScl": 0.96,
    "rippleScale": 2,
  "legContinuousMove": true,
    "legSplashDamage": 22,
    "legSplashRange": 30,
	"allowLegStep": true,
	"hovering": true,
	"immunities": [
		"burning", 
		"melting",
		"freezing"
	],
	"weapons": [
	    {
    "name": "kuiper-railgun",
    "reload": 90,
    "mirror": true,
    "alternate": true,
    "x": 17,
    "y": 0,
    "shake": 1,
    "top": false,
    "layerOffset": -0.001,
    "rotate": false,
    "shootSound": "railgun",
    "shootY": 3,
    "shootCone": 45,
	"bullet": {
    "type": "EmpBulletType",
    "hitPowerEffect": {
    "type": "ParticleEffect",
    "line": true,
    "particles": 6,
    "lifetime": 22,
    "length": 80,
    "cone": -360,
    "lenFrom": 6,
    "lenTo": 6,
    "colorFrom": "FFFFFFF",
    "colorTo": "A9D8FFFF"
    },
    "shootEffect": {
    "type": "ParticleEffect",
    "line": true,
    "particles": 11,
    "lifetime": 60,
    "offset": 50,
    "length": 80,
    "cone": 8,
    "strokeFrom": 2,
    "strokeTo": 0,
    "lenFrom": 7,
    "lenTo": 0,
    "colorFrom": "66B1FFFF",
    "colorTo": "A9D8FFFF"
    },
    "width": 11,
    "height": 16,
    "sprite": "exogenesis-pointy-bullet",
    "frontColor": "FFFFFF",
    "backColor": "66B1FFFF",
    "lifetime": 35,
    "speed": 18,
    "damage": 60,
    "trailRotation": true,
    "shrinkY": 0,
    "shrinkX": 0,
    "radius": 40,
    "timeIncrease": 0.9,
    "powerDamageScl": 0.2,
    "powerSclDecrease": 2,
    "unitDamageScl": 0.3,
    "trailInterval": 5,
    "hitColor": "66B1FFFF",
    "status": "freezing",
    "statusDuration": 100,
    "despawnEffect": {
    "type": "ParticleEffect",
    "line": true,
    "particles": 7,
    "lifetime": 20,
    "offset": 50,
    "length": 55,
    "cone": -360,
    "lenFrom": 6,
    "lenTo": 0,
    "colorFrom": "A9D8FFFF",
    "colorTo": "66B1FFFF"
    },
    "hitEffect": {
    "type": "ParticleEffect",
    "line": true,
    "particles": 7,
    "lifetime": 20,
    "offset": 50,
    "length": 75,
    "cone": -40,
    "lenFrom": 6,
    "lenTo": 0,
    "colorFrom": "A9D8FFFF",
    "colorTo": "66B1FFFF"
    },
    "pierceCap": 6,
    "pierce": true,
    "buildingDamageMultiplier": 0.2,
    "pierceBuilding": true,
    "trailEffect": {
    "type": "ParticleEffect",
    "particles": 1,
    "length": 0,
    "lifetime": 30,
    "region": "exogenesis-blue-pierce",
    "lightColor": "A9D8FFFF",
    "colorFrom": "66B1FFFF",
    "colorTo": "66B1FF10",
    "sizeFrom": 23,
    "sizeTo": 1
    },
    "trailColor": "66B1FFFF",
    "trailParam": 6,
    "trailLength": 16,
    "trailWidth": 3.5
	}
 }
 ],
    "abilities": [
        {
    "type": "EnergyFieldAbility",
    "healEffect": {
    "type": "ParticleEffect",
    "line": true,
    "particles": 7,
    "lifetime": 20,
    "offset": 50,
    "length": 55,
    "cone": -360,
    "lenFrom": 6,
    "lenTo": 0,
    "colorFrom": "A9D8FFFF",
    "colorTo": "66B1FFFF"  
    },
    "statusDuration": 300,
    "status": "freezing",
    "color": "A9D8FFFF",
    "maxTargets": 15,
    "damage": 10,
    "healPercent": 0.3,
    "range": 100,
    "y": 7.5,
    "sectors": 4,
    "rotateSpeed": 1.3,
    "hitBuildings": true,
    "sectorRad": 0.11,
    "effectRadius": 3.5,
    "reload": 19
   }
 ]
 }
