{
    "research": {
    "parent": "b04-vega",
    "requirements": [
    "astrolite/3820",
    "omega-blue/3700",
    "terrilium/3740",
    "lead/3940",
    "silicon/3000"
    ]
    },
    "singleTarget": true,
    "drawShields": false,
    "speed": 0.9,
  "outlineColor": "36363c",
 "engineColor": "A9D8FFFF",
    "accel": 0.4,
    "drag": 0.02,
    "rotateSpeed": 1,
    "faceTarget": true,
    "flying": true,
    "health": 38400,
    "hitSize": 64,
    "armor": 10,
    "engineOffset": 30,
    "range": 180,
    "maxRange": 180,
    "aimDst": 140,
    "engineSize": 6,
    "lowAltitude": true,
	"weapons": [
	   {
    "name": "cold-plasma-gunner",
    "x": 10,
    "y": 13,
    "shootY": 9,
    "rotateSpeed": 4,
    "reload": 12,
    "recoil": 2,
    "inaccuracy": 3,
    "shootSound": "shootAlt",
    "mirror": true,
    "alternate": true,
    "rotate": true,
    "bullet": {
      "type": "basicBulletType",
      "damage": 50,
      "width": 8,
      "height": 12,
      "status": "freezing",
      "reflectable": false,
      "absorbable": true,
      "statusDuration": 300,
      "lightning": 4,
      "lightningLength": 5,
      "lightningLengthRand": 7,
      "lightningDamage": 16,
      "lightColor": "A9D8FFFF",
      "lightningColor": "66B1FFFF",
      "speed": 5.5,
      "lifetime": 58,
      "frontColor": "A9D8FFFF",
      "backColor": "66B1FFFF",
      "despawnEffect": {
      "type": "ParticleEffect",
      "line": true,
      "particles": 15,
      "lifetime": 20,
      "offset": 30,
      "length": 35,
      "cone": -360,
      "lenFrom": 5,
      "lenTo": 0,
      "colorFrom": "A9D8FFFF",
      "colorTo": "66B1FFFF"
      },
      "hitEffect": {
      "type": "ParticleEffect",
      "line": true,
      "particles": 15,
      "lifetime": 20,
      "offset": 30,
      "length": 35,
      "cone": -360,
      "lenFrom": 5,
      "lenTo": 0,
      "colorFrom": "A9D8FFFF",
      "colorTo": "66B1FFFF"
      },
      "shootEffect": "shootSmall"
    }
  },
  {
  "name": "genesux-heavy-mount",
    "x": 24,
    "y": -16,
    "top": true,
    "mirror": true,
    "alternate": true,
  "layerOffset": 0.002,
    "shoot": {
    "shots": 4
    },
  "parts": [
         {
         "type": "RegionPart",
          "suffix": "-blade",
          "mirror": true, 
          "layerOffset": 0.002,
          "heatColor": "A9D8FFFF",  
          "moveY": -1.5,
          "moveX": 2,
          "progress": {
          "type": "warmup",
          "op": "blend",
          "other": "reload",
          "amount": 0.75
          }
         }
],
"rotationLimit": 30,
  "smoothReloadSpeed": 0.15,
  "shootWarmupSpeed": 0.05,
  "minWarmup": 0.9,
    "rotate": true,
    "rotateSpeed": 2,
    "inaccuracy": 8,
    "velocityRnd": 0.7,
    "shootY": 12,
    "cooldownTime": 90,
    "reload": 74,
    "recoil": 4,
    "shake": 3,
    "shootSound": "plasmaboom",
    "bullet": { 
    "type": "EmpBulletType",
    "width": 10,
    "height": 10,
    "sprite": "circle-bullet",
    "frontColor": "FFFFFF",
    "backColor": "A9D8FFFF",
    "lifetime": 50,
    "speed": 7,
    "damage": 80,
    "weaveScale": 4,			
    "weaveMag": 2,
    "splashDamage": 50,
    "splashDamageRadius": 60,
    "shrinkY": 0,
    "shrinkX": 0,
    "radius": 70,
    "hitPowerEffect": {
    "type": "ParticleEffect",
    "line": true,
    "particles": 6,
    "lifetime": 22,
    "length": 80,
    "cone": -360,
    "lenFrom": 8,
    "lenTo": 8,
    "colorFrom": "FFFFFFF",
    "colorTo": "A9D8FFFF"
    },
    "hitColor": "A9D8FFFF",
    "timeIncrease": 1,
    "powerDamageScl": 0.4,
    "powerSclDecrease": 0.1,
    "unitDamageScl": 0.5,
    "status": "blasted",
    "statusDuration": 100,
    "shootEffect": {
    "type": "multiEffect",
    "effects": [
    {
    "type": "WaveEffect",
    "lifetime": 25,
    "sizeFrom": 0,
    "sizeTo": 30,
    "strokeFrom": 3.5,
    "strokeTo": 0,
    "colorFrom": "A9D8FFFF",
    "colorTo": "66B1FFFF"
    },
    {
    "type": "ParticleEffect",
    "particles": 1,
    "sizeFrom": 35,
    "sizeTo": 0,
    "length": 0,
    "lightColor": "73FFAEFF",
    "lifetime": 40,
    "layer": 109,
    "region": "exogenesis-star",
    "colorFrom": "A9D8FFFF",
    "colorTo": "66B1FFFF"
    },
    {
    "type": "ParticleEffect",
    "particles": 1,
    "sizeFrom": 20,
    "sizeTo": 0,
    "length": 0,
    "lightColor": "73FFAEFF",
    "lifetime": 40,
    "layer": 109,
    "region": "exogenesis-star",
    "colorFrom": "FFFFFFF",
    "colorTo": "FFFFFFF"
    }
    ]    
    },
    "homingPower": 0.00109,
    "homingRange": 70,
    "hitEffect": {
    "type": "multiEffect",
    "effects": [
    {
    "type": "ParticleEffect",
    "line": true,
    "particles": 7,
    "lifetime": 20,
    "offset": 50,
    "length": 65,
    "cone": -360,
    "lenFrom": 6,
    "lenTo": 0,
    "colorFrom": "A9D8FFFF",
    "colorTo": "66B1FFFF"
    },
    {
    "type": "ParticleEffect",
    "particles": 1,
    "sizeFrom": 25,
    "sizeTo": 0,
    "length": 0,
    "lightColor": "73FFAEFF",
    "lifetime": 30,
    "layer": 109,
    "region": "exogenesis-star",
    "colorFrom": "A9D8FFFF",
    "colorTo": "66B1FFFF"
    },
    {
    "type": "ParticleEffect",
    "particles": 1,
    "sizeFrom": 10,
    "sizeTo": 0,
    "length": 0,
    "lightColor": "73FFAEFF",
    "lifetime": 30,
    "layer": 109,
    "region": "exogenesis-star",
    "colorFrom": "FFFFFFF",
    "colorTo": "FFFFFFF"
    }
    ]    
    },
    "trailColor": "A9D8FFFF",
    "trailParam": 6,
    "trailLength": 12,
    "trailWidth": 4
    }
  }
     ],
    "abilities": [
        {
            "type": "mindustry.entities.abilities.ForceFieldAbility",
            "radius": 78,
            "regen": 8,
            "max": 4000,
            "cooldown": 260
	},
	    {
    "type": "EnergyFieldAbility",
    "healEffect": {
    "type": "ParticleEffect",
    "line": true,
    "particles": 7,
    "lifetime": 20,
    "offset": 50,
    "length": 55,
    "cone": -360,
    "lenFrom": 6,
    "lenTo": 0,
    "colorFrom": "A9D8FFFF",
    "colorTo": "66B1FFFF"  
    },
    "statusDuration": 300,
    "status": "freezing",
    "color": "A9D8FFFF",
    "maxTargets": 15,
    "damage": 5,
    "healPercent": 0.3,
    "range": 170,
    "y": -6,
    "sectors": 4,
    "rotateSpeed": 1.3,
    "hitBuildings": true,
    "sectorRad": 0.11,
    "effectRadius": 6.5,
    "reload": 12
   }
 ]
 }
