{
  "research": {
  "parent": "b04-oort",
  "requirements": [
    "astrolite/3820",
    "omega-blue/3700",
    "terrilium/3740",
    "lead/3940",
    "silicon/3000"
    ]
    },
    "groundLayer": 75,
    "drawShields": false,
    "maxRange": 220,
    "outlineColor": "36363c",
    "type": "legs",
	"speed": 0.35,
	"hitSize": 50,
	"health": 45000,
	"armor": 8,
	"drag": 0.2,
	"range": 220,
	"flying": false,
	"targetAir": true,
	"rotateSpeed": 1,
	"legCount": 6,
    "legMoveSpace": 0.85,
	"legMaxLength": 1.6,
	"legExtension": -15,
	"legLength": 50,
    "legPairOffset": 3,
    "legBaseOffset": 19,
    "legSpeed": 0.8,
    "legContinuousMove": true,
    "rippleScale": 3.5,
    "legSplashDamage": 106,
    "legSplashRange": 40,
	"allowLegStep": true,
	"hovering": true,
	"immunities": [
	"burning",
   "exogenesis-high-energy-blast", 
	"melting",
	"freezing"
	],
	"weapons": [
	 {
  "name": "sirius-weapon",
  "x": 31,
  "y": 5,
  "rotateSpeed": 0.8,
  "rotate": true,
  "mirror": true,
  "reload": 40,
  "recoil": 2,
  "shootY": 11,
  "alternate": true,
  "layerOffset": -0.001,
  "rotationLimit": 30,
  "smoothReloadSpeed": 0.15,
  "shootWarmupSpeed": 0.05,
  "minWarmup": 0.9,
  "shootCone": 20,
  "cooldownTime": 145,
  "heatColor": "66B1FFFF",
  "shootSound": "malignShoot",
"shoot": {
"type": "shootSpread",
    "shots": 3,
    "spread": 3
},
         "parts": [
         {
         "type": "RegionPart",
          "suffix": "-front",
          "mirror": true,   
          "moveY": -3,
          "moveRot": -7,
          "progress": {
          "type": "warmup",
          "op": "blend",
          "other": "reload",
          "amount": 0.75
          }
          },
          { 
          "type": "RegionPart",
          "suffix": "-mid",
          "moveRot": -4,
          "moveY": -3,               
          "mirror": true,
          "progress": {
          "type": "warmup",
          "op": "blend",
          "other": "reload",
          "amount": 0.5
          }
         }
],
     "bullet": { 
    "type": "EmpBulletType",
    "width": 13,
    "height": 17,
    "sprite": "circle-bullet",
    "frontColor": "FFFFFF",
    "backColor": "66B1FFFF",
    "lifetime": 60,
    "speed": 8,
    "damage": 65,
  "trailRotation": true,
    "pierceArmor": true,
    "shrinkY": 0,
    "shrinkX": 0,
    "radius": 60,
    "hitPowerEffect": {
    "type": "ParticleEffect",
    "line": true,
    "particles": 6,
    "lifetime": 22,
    "length": 80,
    "cone": -360,
    "lenFrom": 6,
    "lenTo": 6,
    "colorFrom": "FFFFFFF",
    "colorTo": "A9D8FFFF"
    },
    "hitColor": "A9D8FFFF",
    "timeIncrease": 0.5,
    "powerDamageScl": 0.36,
    "powerSclDecrease": 0.1,
    "unitDamageScl": 0.36,
    "shootEffect": "lightningShoot",
    "despawnEffect": {
    "type": "ParticleEffect",
    "line": true,
    "particles": 7,
    "lifetime": 20,
    "offset": 50,
    "length": 85,
    "cone": -360,
    "lenFrom": 6,
    "lenTo": 0,
    "colorFrom": "A9D8FFFF",
    "colorTo": "66B1FFFF"
    },
    "hitEffect": {
    "type": "ParticleEffect",
    "line": true,
    "particles": 7,
    "lifetime": 20,
    "offset": 50,
    "length": 85,
    "cone": -360,
    "lenFrom": 6,
    "lenTo": 0,
    "colorFrom": "A9D8FFFF",
    "colorTo": "66B1FFFF"
    },
    "trailColor": "A9D8FFFF",
    "lightning": 6,
    "lightningDamage": 10,
    "lightningColor": "66B1FFFF",
    "lightningCone": 360,
    "lightningLengthRand": 4,
    "lightningLength": 3,
    "pierce": true,
    "pierceCap": 3,
    "trailParam": 6,
    "trailLength": 10,
    "trailWidth": 3.5,
    "trailChance": 1,
    "trailEffect": {
    "type": "ParticleEffect",
    "line": true,
    "particles": 3,
    "lifetime": 20,
    "offset": 50,
    "length": -85,
    "cone": -30,
    "lenFrom": 6,
    "lenTo": 0,
    "colorFrom": "A9D8FFFF",
    "colorTo": "66B1FFFF"
},
    "status": "exogenesis-high-energy-blast",
    "statusDuration": 150
    }
    },
	 {
  "name": "cold-plasma-laser-mount",
  "x": 24,
  "y": -10,
"controllable": false,
    "autoTarget": true,
  "shootY": 8.5,
  "ejectEffect": "none",
  "rotateSpeed": 2.5,
  "rotate": true,
  "alternate": false,
  "mirror": true,
  "reload": 245,
  "recoil": 2,
  "shake": 0.1,
  "cooldownTime": 145,
  "heatColor": "79F2EEFF",
  "shootSound": "beam",
  "chargeSound": "lasercharge2",
  "continuous": true,
    "bullet": { 
    "type": "ContinuousLaserBulletType",
    "damage": 25,
    "width": 4,
    "length": 250,
    "drawSize": 470,
    "lifetime": 210,
    "shake": 0.5,
    "despawnEffect": "smokeCloud",
    "smokeEffect": "smokeCloud",
    "largeHit": false,
    "status": "freezing",
    "statusDuration": 50,
    "incendChance": 0,
    "colors": ["66B1FFAA", "66B1FFAA", "A9D8FFFF", "FFFFFF"],
    "hitEffect": {
    "type": "ParticleEffect",
    "line": true,
    "particles": 5,
    "lifetime": 10,
    "length": 35,
    "cone": -360,
    "strokeFrom": 2,
    "strokeTo": 0,
    "lenFrom": 6,
    "lenTo": 0,
    "colorFrom": "FFFFFF",
    "colorTo": "66B1FFFF"
      },
    "shootEffect": {
    "type": "ParticleEffect",
    "line": true,
    "particles": 12,
    "offset": 15,
    "lifetime": 13,
    "length": 35,
    "cone": -30,
    "lenFrom": 10,
    "lenTo": 0,
    "colorFrom": "FFFFFF",
    "colorTo": "66B1FFFF"
      }
    }
  }
     ],
    "abilities": [
          {
    "type": "ShieldArcAbility",
    "radius": 60,
    "region": "exogenesis-b05-sirius-shield",
    "regen": 11,
    "drawArc": flase,
    "width": 11,
    "y": -25,
    "max": 6000,
    "cooldown": 260
    },
        {
      "type": "StatusFieldAbility",
      "activeEffect": {
	    "type": "MultiEffect",
	    "effects": [
	    {     
        "type": "ParticleEffect",
        "line": true,
        "particles": 4,
        "lifetime": 25,
        "length": 85,
        "cone": -360,
        "strokeFrom": 2,
        "strokeTo": 0,
        "lenFrom": 6,
        "lenTo": 0,
        "colorFrom": "A9D8FFFF",
        "colorTo": "66B1FFFF"
        },
        {
       "type": "ParticleEffect",
        "lifetime": 20,
        "length": 0,
        "sizeFrom": 18,
        "sizeTo": 0,
        "particles": 1,
        "colorFrom": "66B1FFFF",
        "colorTo": "66B1FFFF",
        "region": "particle"
        },
        {
       "type": "ParticleEffect",
        "lifetime": 20,
        "length": 0,
        "sizeFrom": 8,
        "sizeTo": 0,
        "particles": 1,
        "colorFrom": "FFFFFFF",
        "colorTo": "FFFFFFF",
        "region": "particle"
	    }
	    ]
        },
        "effect": "exogenesis-star-powered",
    "range": 165,
    "reload": 1,
    "duration": 5
        }
    ]
}
