{
    "singleTarget": true,
    "drawShields": false,
    "research": {
    "parent": "b06-altair",
    "requirements": [
    "astrolite/10000",
    "terrilium/7040",
    "omega-blue/6000",
    "osmium/6440",
    "silicon/9670"
    ]
    },
    "lightRadius": 200,
    "rotateSpeed": 0.7,
    "speed": 0.33,
    "accel": 0.4,
    "drag": 0.4,
    "range": 380,
    "maxRange": 380,
    "aimDst": 340,
    "engineColor": "A9D8FFFF",
    "outlineColor": "36363c",
    "faceTarget": true,
    "flying": true,
    "health": 174000,
    "hitSize": 92,
    "armor": 36,
    "engineOffset": 68,
"engines": [
  {
    "x": -18,
    "y": -70,
   "radius": 6
  },
  {
    "x": 18,
    "y": -70,
   "radius": 6
  },
 {
    "x": -39,
    "y": -78,
   "rotation": -45,
   "radius": 6
  },
  {
    "x": 39,
    "y": -78,
    "rotation": 45,
    "radius": 6
  }
],
    "engineSize": 9,
   "parts": [
     {
        "type": "shapePart",
        "hollow": true,
        "circle": true,
         "y": -44,
        "layer": 110,
        "color": "66B1FFff",
        "stroke": 2,
        "strokeTo": 2,
        "radiusTo": 15,
        "radius": 15
         },
        {
        "type": "shapePart",
        "hollow": true,
        "circle": true,
         "y": -44,
        "layer": 110,
        "color": "66B1FFff",
        "stroke": 2,
        "strokeTo": 2,
        "radiusTo": 4.5,
        "radius": 4.5
         },
        {
        "type": "shapePart",
        "hollow": true,
        "circle": false,
        "sides": 5,
         "y": -44,
        "rotateSpeed": 1,
        "layer": 110,
        "color": "66B1FFff",
        "stroke": 2,
        "strokeTo": 2,
        "radiusTo": 10,
        "radius": 10
        },
        {
        "type": "shapePart",
        "hollow": true,
        "circle": false,
        "sides": 5,
         "y": -44,
        "rotateSpeed": -1,
        "layer": 110,
        "color": "66B1FFff",
        "stroke": 2,
        "strokeTo": 2,
        "radiusTo": 15,
        "radius": 15
         }
        {
        "type": "HaloPart",
         "y": -44,
        "radius": 6,
        "tri": true,
        "layer": 110,
        "color": "66B1FFff",
        "haloRadius": 22,
        "haloRadiusTo": 22,
        "haloRotation": 90,
        "shapeRotation": 180,
        "stroke": 0,
        "strokeTo": 4.7,
        "shapes": 2,
        "triLengthTo": 6,
        "triLength": 6
           },
           {
        "type": "HaloPart",
         "y": -44,
        "radius": 6,
        "tri": true,
        "layer": 110,
        "color": "66B1FFff",
        "haloRadius": 22,
        "haloRotation": 90,
        "haloRadiusTo": 22,
        "stroke": 0,
        "strokeTo": 4.7,
        "shapes": 2,
        "triLengthTo": 33,
        "triLength": 33
  }
        {
        "type": "HaloPart",
         "y": -44,
        "radius": 4,
        "tri": true,
        "tri": true,
        "layer": 110,
        "color": "66B1FFff",
        "haloRadius": 22,
        "haloRadiusTo": 22,
        "haloRotation": 55,
        "shapeRotation": 180,
        "stroke": 0,
        "strokeTo": 3.7,
        "shapes": 2,
        "triLengthTo": 6,
        "triLength": 6
           },
           {
        "type": "HaloPart",
         "y": -44,
        "radius": 3,
        "tri": true,
        "layer": 110,
        "color": "66B1FFff",
        "haloRadius": 22,
        "haloRotation": 55,
        "haloRadiusTo": 22,
        "stroke": 0,
        "strokeTo": 3.7,
        "shapes": 2,
        "triLengthTo": 19,
        "triLength": 19
  }
        {
        "type": "HaloPart",
         "y": -44,
        "radius": 4,
        "tri": true,
        "tri": true,
        "layer": 110,
        "color": "66B1FFff",
        "haloRadius": 22,
        "haloRadiusTo": 22,
        "haloRotation": -55,
        "shapeRotation": 180,
        "stroke": 0,
        "strokeTo": 3.7,
        "shapes": 2,
        "triLengthTo": 6,
        "triLength": 6
           },
           {
        "type": "HaloPart",
        "y": -44,
        "radius": 4,
        "tri": true,
        "layer": 110,
        "color": "66B1FFff",
        "haloRadius": 22,
        "haloRotation": -55,
        "haloRadiusTo": 22,
        "stroke": 0,
        "strokeTo": 3.7,
        "shapes": 2,
        "triLengthTo": 19,
        "triLength": 19
        },
        {
        "type": "HaloPart",
         "y": -44,
        "radius": 5.4,
        "tri": true,
        "layer": 110,
        "color": "66B1FFff",
        "haloRotateSpeed": -1,
        "haloRadius": 15,
        "haloRadiusTo": 15,
        "stroke": 0,
        "strokeTo": 3,
        "shapes": 3,
        "triLengthTo": 6,
        "triLength": 6
           },
           {
        "type": "HaloPart",
        "y": -44,
        "radius": 5.4,
        "tri": true,
        "layer": 110,
        "color": "66B1FFff",
        "haloRotateSpeed": 1,
        "haloRadius": 15,
        "haloRadiusTo": 15,
        "stroke": 0,
        "strokeTo": 3,
        "shapes": 3,
        "triLengthTo": 6,
        "triLength": 6
}
         ],
    "lowAltitude": true,
	"weapons": [
	   {
     "name": "repulser",
    "x": 45,
    "y": -35.5,
    "layerOffset": 0.002,
    "shootY": 4,
    "rotateSpeed": 1,
    "reload": 155,
    "recoil": 4,
    "shootSound": "laser",
    "mirror": true,
    "alternate": true,
    "rotate": true,
    "bullet": {
    "type": "LaserBulletType",
    "length": 350,
    "width": 45,
    "damage": 800,
    "hitEffect": "lightningShoot",
    "shootEffect": "lightningShoot",
    "colors": ["66B1FFAA", "A9D8FFFF", "FFFFFF"],
    "sideAngle": -45,
    "sideLength": 30,
    "sideWidth": 3.4
  }
  },
  {
    "name": "repulser",
    "x": 36,
    "y": -12,
    "shootY": 4,
    "layerOffset": 0.001,
    "rotateSpeed": 1,
    "reload": 125,
    "recoil": 4,
    "shootSound": "laser",
    "mirror": true,
    "alternate": true,
    "rotate": true,
    "bullet": {
    "type": "LaserBulletType",
    "length": 350,
    "width": 45,
    "damage": 800,
    "hitEffect": "lightningShoot",
    "shootEffect": "lightningShoot",
    "colors": ["66B1FFAA", "A9D8FFFF", "FFFFFF"],
    "sideAngle": -45,
    "sideLength": 30,
    "sideWidth": 3.4
  }
  },
  {
  "name": "repulser",
    "x": 26,
    "y": 4,
    "shootY": 4,
    "rotateSpeed": 1,
    "reload": 95,
    "recoil": 4,
    "shootSound": "laser",
    "mirror": true,
    "alternate": true,
    "rotate": true,
    "bullet": {
    "type": "LaserBulletType",
    "length": 350,
    "width": 45,
    "damage": 800,
    "hitEffect": "lightningShoot",
    "shootEffect": "lightningShoot",
    "colors": ["66B1FFAA", "A9D8FFFF", "FFFFFF"],
    "sideAngle": -45,
    "sideLength": 30,
    "sideWidth": 3.4
    }
  },
	   {
  "name": "genesux-rocket-launcher",
    "x": 34,
    "y": 45,
    "shootY": 2,
    "reload": 90,
      "alternate": false,
    "baseRotation": 270,
    "layerOffset": -0.001,
    "inaccuracy": 28,
    "shootCone": 180,
    "shoot": {
    "type": "ShootAlternate",
    "spread": 6,
    "barrels": 3,
    "shots": 6
    },
    "shootSound": "plasmaboom",
    "mirror": true,
    "rotate": false,
    "bullet": {
      "type": "basicBulletType",
        "lifetime": 1,
     "spawnUnit": "exogenesis-swarmer-missile"
    }
  },
	   {
    "name": "genesux-rocket-launcher",
    "x": 39,
    "y": 14,
    "shootY": 2,
    "reload": 90,
    "alternate": false,
    "baseRotation": 270,
    "layerOffset": -0.001,
    "inaccuracy": 28,
    "shootCone": 180,
    "shoot": {
    "type": "ShootAlternate",
    "spread": 6,
    "barrels": 3,
    "shots": 6
    },
    "shootSound": "plasmaboom",
    "mirror": true,
    "rotate": false,
    "bullet": {
      "type": "basicBulletType",
      "lifetime": 1,
     "spawnUnit": "exogenesis-swarmer-missile"
    }
  }
    ],
    "abilities": [
    {
    "type": "mindustry.entities.abilities.ForceFieldAbility",
    "radius": 130,
    "regen": 8,
    "max": 9700,
    "cooldown": 280
    },
    {
    "type": "EnergyFieldAbility",
    "statusDuration": 100,
    "shootSound": "none",
    "healEffect": {
    "type": "WaveEffect",
    "lifetime": 20,
    "sizeFrom": 0,
    "sizeTo": 13,
    "sides": 4,
    "strokeFrom": 8,
    "strokeTo": 0,
    "colorFrom": "A9D8FFFF",
    "colorTo": "66B1FFFF"
    },
    "color": "66B1FFFF",
    "maxTargets": 60,
    "healPercent": 1,
    "damage": 100,
    "range": 180,
    "sectors": 3,
    "y": -44,
    "blinkScl": 80,
    "rotateSpeed": 3,
    "hitBuildings": true,
    "sectorRad": 0.18,
    "effectRadius": 5.6,
    "reload": 50,
    "status": {
    "name": "energy-instability",
    "effectChance": 0.6,
    "transitionDamage": 25,
    "affinities": ["tarred", "melting", "corroded", "freezing", "blasted", "slow", "unmoving", "burning", "wet", "muddy", "sapped", "overclock", "disarmed", "shielded", "shocked", "electrified", "spore-slowed", "overdrive"],
    "effect": {
    "type": "WaveEffect",
    "lifetime": 20,
    "sizeFrom": 0,
    "sizeTo": 6,
    "sides": 4,
    "strokeFrom": 8,
    "strokeTo": 0,
    "colorFrom": "A9D8FFFF",
    "colorTo": "66B1FFFF"
    }
    }
    }
    ]
}
