{
       "type": "missile",
         "controller": "MissileAI",
         "lifetime": 1500,
        "lowAltitude": false,
        "speed": 5.4,
        "flying": true,
        "circleTarget": true,
 "isEnemy": false,
        "allowedInPayloads": false,
        "playerControllable": false,
        "physics": false,
        "useUnitCap": false,
        "createWreck": false,
        "createScorch": false,
        "health": 700,
        "hitSize": 8,
        "armor": 1,
        "engineColor": "A9D8FFFF",
        "trailColor": "A9D8FFFF",
  "outlineColor": "36363c",
        "itemCapacity": 0,
        "engineOffset": 6,
  "outlineColor": "36363c",
        "range": 100,
        "trailLength": 8,
        "faceTarget": false,
	    "weapons": [
	   {
    "name": "drone-weapon",
    "shootCone": 180,
    "mirror": false,
    "top": true,
    "ignoreRotation": true,
    "x": 0,
    "y": 0,
    "shootY": 0,
    "reload": 38,
    "minShootVelocity": 0.01,
    "shootSound": "plasmadrop",
    "bullet": {
    "hittable": false,
      "despawnEffect": {
      "type": "ParticleEffect",
      "line": true,
      "particles": 7,
      "lifetime": 20,
      "offset": 30,
      "length": 35,
      "cone": -360,
      "lenFrom": 5,
      "lenTo": 0,
      "colorFrom": "A9D8FFFF",
      "colorTo": "66B1FFFF"
      },
      "hitEffect": {
      "type": "ParticleEffect",
      "line": true,
      "particles": 7,
      "lifetime": 20,
      "offset": 30,
      "length": 35,
      "cone": -360,
      "lenFrom": 5,
      "lenTo": 0,
      "colorFrom": "A9D8FFFF",
      "colorTo": "66B1FFFF"
      },
    "type": "BasicBulletType",
    "damage": 10,
    "speed": 0.001,
    "width": 10,
    "height": 10,
    "spin": 3,
    "frontColor": "A9D8FFFF",
    "backColor": "66B1FFFF",
    "shrinkY": 0.1,
    "shrinkX": 0.1,
    "collidesAir": false,
    "keepVelocity": false,
    "sprite": "large-bomb",
    "maxRange": 100,
    "splashDamageRadius": 68,
    "splashDamage": 36,
    "lifetime": 20
}
}
]
}
