{
        "type": "missile",
         "controller": "MissileAI",
        "lowAltitude": true,
        "speed": 6.6,
        "rotateSpeed": 1,
        "lifetime": 230,
         "isEnemy": false,
        "allowedInPayloads": false,
        "playerControllable": false,
        "physics": false,
        "deathEffect": "none",
        "useUnitCap": false,
        "createWreck": false,
        "createScorch": false,
        "flying": true,
        "hidden": true,
        "health": 3000,
        "hitSize": 7,
        "engineLayer": 110,
        "outlineColor": "272930FF",
        "engineColor": "A9D8FFFF",
        "trailColor": "A9D8FFFF",
        "missileAccelTime": 60,
        "engineOffset": 16,
        "engineSize": 5.3,
        "drawCell": false,
        "maxRange": 10,
        "trailLength": 22,
	    "weapons": [
	   {
    "name": "bbom boom",
    "shootCone": 360,
    "shootOnDeath": true,
    "controllable": true,
    "shootSound": desolationimpact,
    "bullet": {
     "type": "ArtilleryBulletType",
     "killShooter": true,
      "hitEffect": {
      "type": "multiEffect",
    "effects": [
    {
    "type": "WaveEffect",
    "lifetime": 15,
    "sizeFrom": 0,
    "sizeTo": 110,
    "strokeFrom": 7.5,
    "strokeTo": 0,
    "colorFrom": "A9D8FFFF",
    "colorTo": "66B1FFFF"
    },
    {
    "type": "WaveEffect",
    "lifetime": 25,
    "sizeFrom": 0,
    "sizeTo": 90,
    "strokeFrom": 10.5,
    "strokeTo": 0,
    "colorFrom": "A9D8FFFF",
    "colorTo": "66B1FFFF"
    },
    {
     "type": "ParticleEffect",
    "offset": 30,
    "particles": 10,
    "lifetime": 20,
    "baseLength": 85,
    "length": 120,
    "interp": "circleOut",
    "sizeInterp": "pow5In",
    "cone": -360,
    "line": true,
    "strokeFrom": 1.5,
    "strokeTo": 1.5,
    "lenFrom": 8,
    "lenTo": 8,
    "lightColor": "A9D8FFFF",
    "colorFrom": "E1F2FFFF",
    "colorTo": "A9D8FFFF"
    },
    {
    "type": "ParticleEffect",
    "offset": 30,
    "particles": 10,
    "lifetime": 25,
    "baseLength": 85,
    "length": 100,
    "interp": "circleOut",
    "sizeInterp": "pow5In",
    "cone": -360,
    "line": true,
    "strokeFrom": 1.5,
    "strokeTo": 1.5,
    "lenFrom": 8,
    "lenTo": 8,
    "lightColor": "A9D8FFFF",
    "colorFrom": "E1F2FFFF",
    "colorTo": "A9D8FFFF"
    }
    {
    "type": "ParticleEffect",
    "lightOpacity": 0,
    "particles": 50,
    "length": 100,
    "baseLength": 30,
    "lifetime": 80,
    "layer": 106,
    "interp": "exp5",
    "sizeFrom": 24,
    "sizeTo": 13,
    "lightColor": "A9D8FFFF",
    "colorFrom": "66B1FFFF",
    "colorTo": "66B1FF10"
    },
    {
    "type": "ParticleEffect",
    "lightOpacity": 0,
    "particles": 30,
    "length": 100,
    "baseLength": 60,
    "lifetime": 280,
    "layer": 106,
    "interp": "swingOut",
    "sizeFrom": 24,
    "sizeTo": 13,
    "lightColor": "A9D8FFFF",
    "colorFrom": "66B1FFFF",
    "colorTo": "66B1FF10"
    },
    {
    "type": "ParticleEffect",
    "particles": 20,
    "length": 120,
    "lifetime": 50,
    "interp": "pow10Out",
    "layer": 108,
    "cone": 360,
     "lightColor": "A9D8FFFF",
    "colorFrom": "66B1FFFF",
    "colorTo": "66B1FF10"
    "sizeFrom": 1,
    "sizeTo": 5
    },
    {
    "type": "ParticleEffect",
    "line": true,
    "particles": 27,
    "lifetime": 60,
    "offset": 60,
    "interp": "circleOut",
    "length": 200,
    "baseLength": 50,
    "cone": -360,
    "strokeFrom": 7,
    "strokeTo": 0,
    "lenFrom": 10,
    "lenTo": 10,
     "lightColor": "A9D8FFFF",
    "colorFrom": "66B1FFFF",
    "colorTo": "66B1FF10"
    }
  ]
  },
    "instantDisappear": true,
    "parts": [
    {
    "type": "FlarePart",
    "progress": "life",
    "rotation": 86,
    "color1": "66B1FFFF",
    "stroke": 6.5,
    "radius": 70,
    "radiusTo": 20
    }
    ]
    "width": 7,
    "height": 7,
    "sprite": "circle-bullet",
    "frontColor": "FFFFFF",
    "backColor": "66B1FFFF",
    "splashDamage": 3800,
    "splashDamageRadius": 80,
    "shrinkY": 0,
    "shrinkX": 0,
    "status": "blasted",
    "statusDuration": 100,
    "trailColor": "66B1FFFF",
    "trailParam": 6,
    "trailLength": 12,
    "trailWidth": 3,
    "fragBullets": 35,
    "fragLifeMin": 0.2,
    "fragBullet": {
    "type": "ArtilleryBulletType",
    "parts": [
    {
    "type": "FlarePart",
    "progress": "life",
    "rotation": 86,
    "color1": "66B1FFFF",
    "stroke": 3.5,
    "radius": 15,
    "radiusTo": 15
    }
    ]
    "width": 0,
    "height": 0,
    "frontColor": "FFFFFF",
    "backColor": "66B1FFFF",
    "lifetime": 30,
    "speed": 5.7,
    "splashDamage": 100,
    "splashDamageRadius": 40,
    "shrinkY": 0,
    "shrinkX": 0,
    "status": "blasted",
    "statusDuration": 100,
    "hitEffect": {
    "type": "multiEffect",
    "effects": [
    {
    "ParticleEffect": 1,
    "particles": 1,
    "sizeFrom": 56,
    "sizeTo": 0,
    "length": 0,
    "interp": "swing",
    "lightColor": "66B1FFFF",
    "lifetime": 30,
    "region": "exogenesis-tall",
    "colorFrom": "66B1FFFF",
    "colorTo": "66B1FFFF"
    }
    ]    
    },
    "trailColor": "66B1FFFF",
    "trailParam": 6,
    "trailLength": 12
}
}
}
 ],
    "abilities": [
  {
    "type": "MoveEffectAbility",
    "effect": {
 "type": "ParticleEffect",
    "particles": 7,
    "sizeFrom": 6,
    "sizeTo": 1,
    "length": 50,
    "lifetime": 60,
    "lightOpacity": 0,
    "interp": "circleOut",
    "sizeInterp": "pow5In",
    "colorFrom": "66B1FFAa",
    "colorTo": "78787870",
    "cone": 15
    },
    "interval": 3,
    "y": -17,
    "rotateEffect": true,
    "rotation": 180,
    }
  ]
}
