{
        "type": "missile",
         "controller": "MissileAI",
        "lowAltitude": false,
        "speed": 7,
        "rotateSpeed": 3.6,
        "lifetime": 185,
         "isEnemy": false,
        "allowedInPayloads": false,
        "playerControllable": false,
        "physics": false,
        "useUnitCap": false,
        "createWreck": false,
        "createScorch": false,
        "flying": true,
        "hidden": true,
        "health": 200,
        "hitSize": 4,
        "engineColor": "A9D8FFFF",
        "outlineRadius": 0,
        "engineSize": 2,
        "engineLayer": 110,
        "drawCell": false,
        "maxRange": 15,
          "trailColor": "A9D8FFFF",
        "trailLength": 6,
       "parts": [
       {
        "type": "FlarePart",
        "progress": {
        "type": "life",
        "op": "curve",
        "interp": "pow3Out"
       },
       "rotation": 86,
       "color1": "A9D8FFFF",
       "stroke": 4.5,
       "radius": 0,
       "radiusTo": 30
  }
],
	    "weapons": [
	   {
    "name": "bbom boom",
    "shootCone": 360,
    "shootOnDeath": true,
    "controllable": true,
    "shootSound": "none",
    "bullet": {
    "killShooter": true,
      "hitEffect": {
      "type": "multiEffect",
    "effects": [
    {
    "type": "WaveEffect",
    "lifetime": 25,
    "sizeFrom": 0,
    "sizeTo": 20,
    "strokeFrom": 3.5,
    "strokeTo": 0,
    "colorFrom": "A9D8FFFF",
    "colorTo": "66B1FFFF"
    },
    {
    "type": "ParticleEffect",
    "particles": 1,
    "sizeFrom": 25,
    "sizeTo": 0,
    "length": 0,
    "lightColor": "73FFAEFF",
    "lifetime": 30,
    "layer": 109,
    "region": "exogenesis-star",
    "colorFrom": "A9D8FFFF",
    "colorTo": "66B1FFFF"
    },
    {
    "type": "ParticleEffect",
    "particles": 1,
    "sizeFrom": 10,
    "sizeTo": 0,
    "length": 0,
    "lightColor": "73FFAEFF",
    "lifetime": 30,
    "layer": 109,
    "region": "exogenesis-star",
    "colorFrom": "FFFFFFF",
    "colorTo": "FFFFFFF"
    }
  ]
  },
    "type": "BulletType",
    "damage": 10,
    "speed": 0,
    "width": 0,
    "height": 0,
    "keepVelocity": false,
    "splashDamageRadius": 48,
    "splashDamage": 40,
    "lifetime": 0
}
}
]
}
