{
        "localizedName": "Bomb",
        "description": "[gold] This unit is equipped with flak shooters which fire flak rapidly, it also has 2 mini bomb shooters which can spray weak units with bombs, and finaly it has 2 snipers strapped on its back for high damage from large distance. It can protect with a sheild.",
        "details": "PS: this unit used to be op before the fix it was able to kill t4s"
		"research": "b-hypothesis",
        "speed": 2.0,
        "accel": 0.03,
        "drag": 0.012,
        "flying": true,
        "faceTarget": true,
		"onTitleScreen": true,
        "health": 3480,
        "hitSize": 20,
		"singletarget": false
        "armor": 6,
        "engineOffset": 12,
        "engineSize": 3,
        "lowAltitude": true,
        "range": 140,
        "targetAir": true,
        "commandLimit": 10,
	    "weapons": [
	   {
  "name": "surge-bolter",
    "shootCone": 15,
    "mirror": true,
    "alternate": true,
    "top": true,
	"rotate": true,
	"rotateSpeed": 3
    "x": 5,
    "y": 1.8,
    "reload": 10,
    "recoil": 0.5,
	"shake": 3,
    "bullet": {
    "width": 10,
	"height": 10,
	"trailParam": 5,
	"trailLength": 3,
	"trailWidth": 2,
	"trailColor": "F3E979FF",
	"shootSound": "bang"
    "buildingDamageMultiplier": 1.3,
    "type": "BasicBulletType",    
    "despawnEffect": "casing1",
    "shootEffect": "none",
    "damage": 32,
    "speed": 8,
    "frontColor": "F3E979FF",
    "backColor": "F3E979FF",
    "lifetime": 50
    }
  },
  {
    "name": "surge-bolter",
    "shootCone": 50,
	"inaccuracy": 50,
    "alternate": true,
    "mirror": true,
    "top": true,
	"rotate": true,
	"rotateSpeed": 1,
    "x": 8,
    "y": -2,
    "reload": 4,
    "recoil": 0.5,
    "shots": 3, 
	"shotDelay": 1
    "bullet": {
    "keepVelocity": false, 
	"width": 6,
	"height": 6,
	"trailWidth": 1.5,
	"shootSound": "shootSnap"
    "type": "BasicBulletType",
    "buildingDamageMultiplier": 1.6,
    "shootEffect": "none",
    "damage": 10,
    "speed": 2,
	"frontColor": "F3E979FF",
    "backColor": "ECD36FFF",
    "trailColor": "ECD36FFF",
    "trailParam": 5,
	"trailLength": 3,
    "lifetime": 55,
	"shootSound": "shootSnap",
	"hitSound": "explosion",
    "status": "blasted",
	"splashDamageRadius": 10,
	"splashDamage": 4.5,			
    "lightning": 4,
    "lightningDamage": 0.5,
    "lightningLength": 0.3,
    "lightningCone": 50,
    "lightningLengthRand": 1
			}
		},
    {
        "name": "shock-artillery-new",
        "shootCone": 35,
		"inaccuracy": 2,
        "top": true,
		"rotate": true,
		"mirror": true,
		"rotateSpeed": 0.5,
        "x": 6,
        "y": -7.5,
		"height": 17
		"width": 17
        "reload": 75,
		"shake": 5,
        "shootSound": "plasmaboom",
		"shootEffect": "blockExplosionSmoke",
        "recoil": 2,
        "shots": 10,
		"shotDelay": 0.4,
         "bullet": {
         "buildingDamageMultiplier": 1.8,
         "type": "BasicBulletType",    
         "despawnEffect": "shootHealYellow",
         "shootEffect": "shootHealYellow",
         "damage": 100,
         "speed": 10,
         "frontColor": "F4FA8AFF",
         "backColor": "F3E979FF",
		 "trailColor": "F4FA8AFF",
	     "trailParam": 5,
	     "trailLength": 10,
         "lifetime": 65
		 "lightning": 4,
         "lightningDamage": 2,
         "lightningLength": 1,
         "lightningCone": 50,
         "lightningLengthRand": 1,
         }

    }
     ],
    "abilities": [
        {
            "type": "mindustry.entities.abilities.ForceFieldAbility",
            "radius": 40,
            "regen": 5,
            "max": 800,
            "cooldown": 260
            }
        ]
}
