{
        "localizedName": "Firecracker",
        "description": "[gold] A unit build to attack at long range assault. It is equipped with [orange] Energy Shotguns [gold]that fire powerful blasts of energy bullets which explode with a blast of eletricity, it also has frag missile launchers and a sheild.",
        "research": "c-revelation",
        "speed": 1.6,
        "accel": 0.02,
        "drag": 0.018,
        "flying": true,
        "faceTarget": true,
        "health": 13800,
        "hitSize": 56,
        "armor": 10,
        "engineOffset": 21,
        "engineSize": 5.8,
        "lowAltitude": true,
		"singleTarget": false
        "range": 140,
        "targetAir": true,
        "commandLimit": 10,
	    "weapons": [
		{
    "name": "shock-artillery-new"
    "shootCone": 15,
    "mirror": true,
    "alternate": true,
    "x": 10,
    "y": 13,
    "reload": 120,
    "recoil": 2,
    "ejectEffect": "shootHealYellow",
    "shootSound": "shootBig",
    "shake": 2,
	"shots": 4,
	"shotDelay": 3,
	"inaccuracy": 25,
    "bullet": {
    "damage": 100,
    "buildingDamageMultiplier": 1.60,
	"width": 10,
	"height": 7.35,
	"speed": 4.5,
	"lifetime": 25,
    "BulletType": "BasicBulletType",
	"hitSound": "shrapnel",
	"splashDamageRadius": 30,
	"splashDamage": 100,
	"frontcolor": "F3E979FF",
	"backColor": "E2D868FF",
	"status": "shocked",			
    "lightning": 6,
    "lightningDamage": 0.5,
    "lightningLength": 0.3,
	"lightningColor": "E2D868FF",
    "lightningCone": 50,
    "lightningLengthRand": 1,
	"fragbullets": 7,
	"fragBullet": {
		"type": "shrapnelBulletType",
		"damage": 100,
		"width": 7.5,
		"length": 20,
		"lifetime": 10,
		"frontcolor": "F3E979FF",
	    "backColor": "E2D868FF",
		"fromColor": "ffffffff",
		"hitLarge": true,
		"toColor": "f9ff52ff"
		"lightning": 7,
        "lightningDamage": 0.5,
        "lightningLength": 0.3,
        "lightningCone": 50,
		"lightningColor": "E2D868FF",
        "lightningLengthRand": 1
	},
	},
		},
		{
    "name": "shock-artillery-new"
    "shootCone": 15,
    "mirror": true,
    "alternate": true,
    "x": 16,
    "y": 10,
    "reload": 100,
    "recoil": 2,
    "ejectEffect": "shootHealYellow",
    "shootSound": "shootBig",
    "shake": 2,
	"shots": 4,
	"shotDelay": 3,
	"inaccuracy": 25,
    "bullet": {
    "damage": 100,
    "buildingDamageMultiplier": 1.60,
	"width": 10,
	"height": 7.35,
	"speed": 4.5,
	"lifetime": 25,
    "BulletType": "BasicBulletType",
	"hitSound": "explosion",
	"splashDamageRadius": 30,
	"splashDamage": 100,
	"frontcolor": "F3E979FF",
	"backColor": "E2D868FF",
	"status": "shocked",			
    "lightning": 6,
    "lightningDamage": 0.5,
    "lightningLength": 0.3,
	"lightningColor": "E2D868FF",
    "lightningCone": 50,
    "lightningLengthRand": 1,
	"fragbullets": 7,
	"fragBullet": {
		"type": "shrapnelBulletType",
		"damage": 100,
		"width": 7.5,
		"length": 20,
		"lifetime": 10,
		"serrations": 4,
		"frontcolor": "F3E979FF",
	    "backColor": "E2D868FF",
		"fromColor": "ffffffff",
		"toColor": "f9ff52ff"
		"lightning": 10,
        "lightningDamage": 10,
        "lightningLength": 3,
        "lightningCone": 50,
		"lightningColor": "E2D868FF",
        "lightningLengthRand": 6,
	},
	},
		},
		{
    "name": "alpha-rocket"
    "shootCone": 15,
    "mirror": true,
    "alternate": true,
    "x": 18,
    "y": -1.5,
    "reload": 50,
    "recoil": 2,
    "ejectEffect": "shootHealYellow",
    "shootSound": "missile",
    "shake": 2,
	"shots": 7,
	"xRand": 8,
	"shotDelay": 1,
    "bullet": {
    "damage": 45,
    "buildingDamageMultiplier": 1.60,
	"width": 13,
	"height": 10,
	"speed": 6.5,
	"lifetime": 135,
    "BulletType": "MissileBulletType",
	"hitSound": "explosion",
	"sprite": "missile",
	"splashDamageRadius": 30,
	"splashDamage": 25,
	"status": "blasted"
	"frontcolor": "F3E979FF",
	"backColor": "E2D868FF",
	"hitEffect": "blastExplosion",
	"homingPower": 0.3,
	"homingRange": 50,
	"trailParam": 5,
	"trailWidth": 1,
	"trailLength": 5,
	"trailColor": "E2D868FF",
	"status": "shocked",			
    "lightning": 6,
    "lightningDamage": 0.5,
    "lightningLength": 0.3,
	"weaveScale": 3,
	"weaveMag": 2,
	"lightningColor": "E2D868FF",
    "lightningCone": 50,
    "lightningLengthRand": 1,
	"fragbullets": 2,
	"fragBullet": {
		"type": "basicBulletType",
		"damage": 20,
		"width": 6,
		"height": 6,
		"hitEffect": "shootHealYellow",
		"length": 20,
		"lifetime": 50,
		"frontcolor": "F3E979FF",
	    "backColor": "E2D868FF",
	},
	},
		},
		
     ],
    "abilities": [
        {
            "type": "mindustry.entities.abilities.ForceFieldAbility",
            "radius": 65,
            "regen": 39,
            "max": 1200,
            "cooldown": 260
            }
        ]
}
