{
    "type": "UnitAssembler",
    "health": 1215,
    "size": 5,
    "configurable": false,
    "consumes": {
        "power": 4.6,
        "liquids": {
			"liquids": [
                "vulcanite/2.4"         
 			]
		}
    },
    "plans": [
        {
            "unit": "latum",
            "time": 720,
            "requirements": [
                "renale/6",
                "mindustrinity-steel-wall/16",
                "phase-wall/12"
            ]
        }
    ],
    "category": "units",
    "requirements": [
        "steel/500",
        "thorium/150",
        "surge-alloy/80",
        "silicon/500"
    ],
    "research": "larva-fabricator"
}