{
    "name": "Omega Reconstructor",
    "type": "Reconstructor",
    "size": 11,
    "research": "tetrative-reconstructor",
    "constructTime": 5000,
    "liquidCapacity": 3500,
    "category": "units",
    "consumes": {
        "power": 75,
        "items": [
            "silicon/5000",
            "titanium/5000",
            "infused-aether/1500",
            "infused-iridium/1500",
            "infused-vulcanite/1500"
        ], 
        "liquid": {
            "liquid": "acid",
            "amount": 5
        }
    },
    "upgrades": [
        ["toxopid","scylla"],
        ["reign","goliath"],
        ["eclipse","smaug"],
        ["oct","atlas"],
        ["corvus","impaler"],
        ["omura","leviathan"]
    ],
    "requirements": [
        "silicon/5000",
        "plastanium/1500",
         "titanium/2500",
        "infused-aether/5000",
        "surge-alloy/1000"
    ]
}
    
    