{
    "type": "ItemTurret",
    "category": "turret",
    "research": "hail",
    "health": 600,
    "targetAir": false,
    "size": 2,
    "reload": 60,
    "range": 280,
    "shootShake": 2,
    "inaccuracy": 5,
    "ammoPerShot": 3,
    "recoil": 0.1,
    "spread": 0,
    "restitution": 0.2,
    "rotateSpeed": 1.4,
    "shootSound": "shoot",
    "hitEffect": "flakExplosionBig",
    "knockback": 0.8,
    "hitSize": 16,
	"fragBullets": 4,
    "consumes": {
        "coolant": {
            "amount": 0.6,
            "optional": true 
        }
    },
	"ammoTypes": {
        "graphite": {
            "speed": 4,
            "type":"ArtilleryBulletType",
            "sprite": "shell",
            "lifetime": 280,
            "damage": 80,
            "keepVelocity":	false,
            "splashDamage" : 20,
            "splashDamageRadius" : 20,
            "width": 8,
            "height": 10 ,
            "drag": 0.001,
            "trailChance": 0.9,
            "shootEffect": "shootBig",
            "smokeEffect": {
                "type": "ParticleEffect",
                "particles": 4,
                "offset": 11,
                "sizeFrom": 2,
                "sizeTo": 0,
                "length": 40,
                "lifetime": 17,
                "cone": 25
            },
            "fragBullets": 5,
		    "fragBullet": {
                "type": "artilleryBulletType",
                "height" : 4,
                "width" : 4,
                "lifetime": 3,
                "drag": 0.02,
                "speed": 4.5,
                "splashDamage" : 25,
                "splashDamageRadius" : 18,	
                "hitEffect" : "flakExplosion",
                "despawnEffect": "flakExplosion"
		    }
        }
    },
    "requirements": [
		"titanium/50",
        "lead/75",
        "metaglass/35"
    ],
    "drawer": {
        "type": "DrawTurret",
        "parts": [ 
            {
                "type": "RegionPart",
                "suffix": "-cannon",   
                "mirror": true,
                "alternate": true,
                "under": false,
                "x": 0,
                "y": 0,
                "moveY": -2,
                "progress": {
                    "type": "recoil"
                }
            },
            {
                "type": "RegionPart",
                "suffix": "-top",   
                "mirror": false,
                "under": false,
                "x": 0,
                "y": 0
            }
        ]
    }
}