{
    "type": "ItemTurret",
    "category": "turret",
    "research": "cyclone",
    "base": "reinforced-block-3",
    "size": 3,
    "health": 1580,
	"reload": 480,
	"range": 350,
    "recoil" : 1.5,
    "targetGround": false,
    "hasItems": true,
    "itemCapacity": 240,
    "hasLiquids":true,
    "liquidCapacity": 350,
	"rotateSpeed": 3,
    "shootCone": 45,
    "ammoPerShot": 4,
    "inaccuracy": 5,
    "cooldown": 160,
    "shots": 3,
    "fragBullets": 5,
    "consumes": {
        "coolant": {
            "amount": 0.1,
            "optional": true 
        }
    },
    "shoot": {
        "type": "ShootPattern",
        "shots": 25,
        "shotDelay": 5
    },
    "ammoTypes": {
        "iron": {
            "type":"MissileBulletType",
            "height": 6,
            "width": 6,
            "damage": 45,
            "lifetime": 160,
            "weaveScale": 4,
            "weaveMag": 6,
            "speed": 2.5,
            "trailChance": 1,
            "homingPower": 0.2,
            "homingRange": 130,
            "splashDamageRadius" : 30,	
            "hitEffect" : "flakExplosionBig",
             "despawnEffect": "flakExplosionBig"
        }
    },
    "requirements": [
		"steel/325",
        "thorium/175",
        "plastanium/150",
		"surge-alloy/100"
    ],
    "drawer": {
        "type": "DrawTurret",
        "parts": [
            {
                "type": "HaloPart",
                "y": 8.2,
                "x": -2,
                "radius": 3,
                "mirror": true,
                "tri": true,
                "progress": {
                    "type": "recoil",
                    "op": "delay",
                    "amount": 0.90
                },
                "color": "F3E979FF",
                "haloRadius": 1,
                "haloRotation": 135,
                "stroke": 0,
                "strokeTo": 2.4,
                "shapes": 1,
                "triLength": 0,
                "triLengthTo": 10,
                "layer": 110
                
            }, 
            {
                "type": "RegionPart",
                "suffix": "-main",   
                "mirror": false,
                "under": false,
                "x": 0,
                "y": 0,
                "progress": "recoil",
                "moveY": -1
            },
            {
                "type": "RegionPart",
                "suffix": "-edge",   
                "mirror": true,
                "under": false,
                "x": 0,
                "y": 0,
                "moveY": -3.5,
                "moveX": 1,
                "progress": {
                    "type": "warmup"
                }
            },
            {
                "type": "FlarePart",
                "color2": "FFFFFF",
                "color1": "F3E979FF",
                "y": -9,
                "rotation": 6,
                "progress": "warmup",
                "stroke": 4,
                "radius": 0,
                "radiusTo": 2.5,
                "layer": 110
            },
            {
                "type": "shapePart",
                "y": -9,
                "hollow": true,
                "circle": true,
                "color": "F3E979FF",
                "stroke": 0,
                "strokeTo": 0.5,
                "radius": 5,
                "layer": 110
            },
            {
                "type": "HaloPart",
                "y": -9,
                "radius": 3,
                "tri": true,
                "color": "F3E979FF",
                "haloRotateSpeed": 0.7,
                "haloRadius": 5,
                "haloRadiusTo": 5,
                "stroke": 0,
                "strokeTo": 2,
                "shapes": 2,
                "triLengthTo": 5,
                "triLength": 0,
                "layer": 110
            },
            {
                "type": "HaloPart",
                "y": -9,
                "radius": 3,
                "tri": true,
                "color": "F3E979FF",
                "haloRotateSpeed": -0.7,
                "haloRadius": 5,
                "haloRadiusTo": 5,
                "stroke": 0,
                "strokeTo": 2,
                "shapes": 2,
                "triLengthTo": 4,
                "triLength": 0,
                "layer": 110
            },
            {
                "type": "HaloPart",
                "y": -9,
                "radius": 3,
                "tri": true,
                "color": "F3E979FF",
                "haloRotateSpeed": 1.6,
                "haloRadius": 5,
                "haloRadiusTo": 5,
                "stroke": 0,
                "strokeTo": 1.5,
                "shapes": 4,
                "triLengthTo": 2,
                "triLength": 0,
                "layer": 110
            }
        ]
    }
}