{
    "type": "ItemTurret",
    "category": "turret",
    "research": "ripple",
    "health": 2800,
    "targetAir": false,
    "size": 4,
    "reload": 650,
    "maxAmmo": "60",
    "range": 1200,
    "recoilAmount": 3,
    "shootShake": 4,
    "inaccuracy": 0,
    "ammoPerShot": 2,
    "recoil": 1,
    "spread": 0,
    "restitution": 0.2,
    "rotateSpeed": 1.4,
    "shootSound": "artillery",
    "hitEffect": "flakExplosionBig",
    "knockback": 0.8,
    "hitSize": 16,
    "consumes": {
        "coolant": {
            "amount": 0.1,
            "optional": true 
        }
    },
	"ammoTypes": {
        "steel": {
            "speed": 4,
            "type":"ArtilleryBulletType",
            "sprite": "shell",
            "buildingDamageMultiplier": 1.25,
            "lifetime": 380,
            "damage": 50,
            "keepVelocity":	false,
            "splashDamage" : 550,
            "splashDamageRadius" : 48,	
            "statusDuration": 80,
            "width": 15,
            "height": 35,
            "drag": 0.001,
            "absorbable": true,
            "trailChance": 0.6,
            "shootEffect": "shootBig2",
            "smokeEffect": {
                "type": "ParticleEffect",
                "particles": 10,
                "offset": 11,
                "sizeFrom": 5,
                "sizeTo": 0,
                "length": 70,
                "lifetime": 28,
                "cone": 25
            },
            "fragBullets": 8,
		    "fragBullet": {
                "type": "artilleryBulletType",
                "height" : 10,
                "width" : 10,
                "status": "slow",
                "statusDuration": 180,
                "lifetime": 10,
                "drag": 0.02,
                "speed": 2.5,
                "splashDamage" : 40,
                "splashDamageRadius" : 32,	
                "hitEffect" : "flakExplosionBig",
                "despawnEffect": "flakExplosionBig",
                "fragBullets": 12,
                "fragBullet": {
                    "type": "artilleryBulletType",
                    "height" : 7,
                    "width" : 7,
                    "status": "slow",
                    "statusDuration": 1800,
                    "lifetime": 40,
                    "drag": 0.02,
                    "speed": 1.5,
                    "splashDamage" : 10,
                    "splashDamageRadius" : 12,	
                    "hitEffect" : "flakExplosionBig",
                    "despawnEffect": "flakExplosionBig"
                }
		    }
        },
        "graphite": {
            "speed": 4,
            "type":"ArtilleryBulletType",
            "sprite": "shell",
            "lifetime": 380,
            "damage": 30,
            "keepVelocity":	false,
            "splashDamage" : 350,
            "splashDamageRadius" : 48,	
            "statusDuration": 80,
            "width": 15,
            "height": 35,
            "drag": 0.001,
            "absorbable": true,
            "trailChance": 0.6,
            "shootEffect": "shootBig2",
            "smokeEffect": {
                "type": "ParticleEffect",
                "particles": 10,
                "offset": 11,
                "sizeFrom": 5,
                "sizeTo": 0,
                "length": 70,
                "lifetime": 28,
                "cone": 25
            },
            "fragBullets": 16,
		    "fragBullet": {
                "type": "artilleryBulletType",
                "height" : 10,
                "width" : 10,
                "status": "slow",
                "statusDuration": 180,
                "lifetime": 70,
                "drag": 0.02,
                "speed": 0.7,
                "splashDamage" : 40,
                "splashDamageRadius" : 32,	
                "hitEffect" : "flakExplosionBig",
                "despawnEffect": "flakExplosionBig"
		    }
        }
    },
    "requirements": [
		"steel/550",
        "thorium/750",
        "plastanium/650",
		"surge-alloy/600"
    ],
    "drawer": {
        "type": "DrawTurret",
        "parts": [ 
            {
                "type": "RegionPart",
                "suffix": "-cannon",   
                "mirror": false,
                "under": false,
                "x": 0,
                "y": 0,
                "progress": "recoil",
                "moveY": -6
            },
            {
                "type": "RegionPart",
                "suffix": "-edge",   
                "mirror": true,
                "under": false,
                "x": 0,
                "y": 0,
                "moveY": 3.5,
                "moveX": 2,
                "moveRot": -20,
                "progress": {
                    "type": "warmup"
                }
            }
        ]
    }
}