{
    "type": "ItemTurret",
    "category": "turret",
    "research": "20-avalanche",
    "health": 3000,
    "size": 5,
    "reload": 200,
    "range": 640,
    "recoil": 4,
    "targetAir": false,
    "minWarmup": 0.999,
    "shake": 5,
    "liquidCapacity": 3500,
    "hasLiquids": true,
    "update": true,
    "cooldownTime": 220,
    "rotateSpeed": 0.3,
    "shootY": -4,
    "shootSound": "enforcerShoot",
    "consumes": {
        "coolant": {
            "amount": 0.05,
            "optional": true
        }
    },
    "ammoTypes": {
        "infused-aether": {
            "type":"BasicBulletType",
            "trailColor": "79A4F3FF",
            "trailParam": 5,
            "trailLength": 6,
            "trailWidth": 1.5,
            "sprite": "mindustrinity-heavy-bullet",
            "speed": 8,
            "lifetime": 80,
            "buildingDamageMultiplier": 0.75,
            "damage": 800,
            "width": 13,
            "height": 19,
            "reflectable": false,
            "shootEffect": "explosion",
            "hitEffect": "flakExplosionBig",
            "hitSound": "enforcerImpact",
            "knockback": 14,
            "hitShake": 3,
            "ammoMultiplier": 1,
            "pierceBuilding": true,
            "frontColor": "FFFFFFF",
            "backColor": "79A4F3FF",
            "pierceCap": 8,
            "pierce": true,
            "collidesAir": false
        },
        "infused-iridium": {
            "type":"BasicBulletType",
            "trailColor": "FFFBA5FF",
            "trailParam": 5,
            "trailLength": 15,
            "trailWidth": 1.5,
            "sprite": "mindustrinity-heavy-bullet",
            "speed": 10,
            "lifetime": 64,
            "buildingDamageMultiplier": 1,
            "damage": 75,
            "width": 13,
            "height": 19,
            "reflectable": false,
            "shootEffect": "explosion",
            "hitEffect": "flakExplosionBig",
            "hitSound": "enforcerImpact",
            "hitShake": 3,
            "ammoMultiplier": 1,
            "pierceBuilding": true,
            "frontColor": "FFFFFFF",
            "backColor": "FFFBA5FF",
            "pierceCap": 2,
            "pierce": false,
            "lightning": 15,
            "lightningDamage": 150,
            "lightningCone": 360,
            "lightningLengthRand": 5,
            "lightningLength": 8,
            "collidesAir": true
        },
        "infused-vulcanite": {
            "type":"BasicBulletType",
            "trailColor": "FF6D59FF",
            "trailParam": 5,
            "trailLength": 25,
            "trailWidth": 1.5,
            "sprite": "mindustrinity-heavy-bullet",
            "speed": 2,
            "lifetime": 320,
            "buildingDamageMultiplier": 1.3,
            "damage": 1800,
            "width": 13,
            "height": 19,
            "reflectable": false,
            "shootEffect": "explosion",
            "hitEffect": "flakExplosionBig",
            "hitSound": "enforcerImpact",
            "knockback": 14,
            "hitShake": 3,
            "ammoMultiplier": 1,
            "pierceBuilding": true,
            "frontColor": "FF6D59FF",
            "backColor": "FF6D59FF",
            "pierceCap": 12,
            "pierce": true,
            "collidesAir": false
        }
    },
    "requirements": [
        "iron/250",
        "steel/300",
        "surge-alloy/550",
        "infused-aether/250"
    ],
    "drawer": {
        "type": "DrawTurret",
        "parts": [ 
            {
                "type": "RegionPart",
                "suffix": "-main",
                "heatProgress": "warmup",
                "heatColor": "007DFF80",
                "x": 0,
                "y": 0
            },
            {
                "type": "RegionPart",
                "progress": "warmup",
                "moveX": 2,
                "suffix": "-cannon",    
                "mirror": true,
                "x": 0,
                "y": 0
            },
            {
                "type": "RegionPart",
                "progress": "warmup",
                "heatProgress": "warmup",
                "heatColor": "007DFF80",
                "moveX": 2,
                "suffix": "-cannonh",    
                "mirror": true,
                "x": 0,
                "y": 0
            },
            {
                "type": "RegionPart",
                "progress": "warmup",
                "moveY": 11,
                "moveX": 2,
                "suffix": "-front",    
                "mirror": true,
                "x": 0,
                "y": 0
            },
            {
                "type": "RegionPart",
                "progress": "warmup",
                "heatProgress": "warmup",
                "heatColor": "007DFF80",
                "moveY": 11,
                "moveX": 2,
                "suffix": "-fronth",    
                "mirror": true,
                "x": 0,
                "y": 0
            },
            {
                "type": "RegionPart",
                "progress": "warmup",
                "heatProgress": "warmup",
                "heatColor": "007DFF80",
                "moveX": 5,
                "moveY": 2,
                "moveRot": -25,
                "suffix": "-edge",    
                "mirror": true,
                "x": 0,
                "y": 0
            },
            {
                "type": "FlarePart",
                "color2": "FFFFFF",
                "color1": "409EFFFF",
                "x": 0,
                "y": -4,
                "rotation": 6,
                "progress": "warmup",
                "stroke": 3,
                "radius": 0,
                "radiusTo": 4,
                "mirror": false,
                "layer": 110
            },
            {
                "type": "shapePart",
                "x": 0,
                "y": -4,
                "hollow": true,
                "circle": true,
                "color": "409EFFFF",
                "stroke": 0,
                "strokeTo": 0.7,
                "radius": 8,     
                "mirror": false,
                "layer": 110
            },
            {
                "type": "HaloPart",
                "x": 0,
                "y": -4,
                "square": true,
                "color": "409EFFFF",
                "hollow": true,
                "shapes": 1,
                "haloRotateSpeed": -0.8,
                "haloRadius": 0,
                "haloRadiusTo": 0,
                "stroke": 0,
                "strokeTo": 0.7,
                "radius": 8,
                "mirror": false,
                "layer": 110
            },
            {
                "type": "HaloPart",
                "x": 0,
                "y": -4,
                "square": true,
                "color": "409EFFFF",
                "hollow": true,
                "shapes": 1,
                "haloRotateSpeed": 0.8,
                "haloRadius": 0,
                "haloRadiusTo": 0,
                "stroke": 0,
                "strokeTo": 0.7,
                "radius": 8,
                "mirror": false,
                "layer": 110
            },
            {
                "type": "HaloPart",
                "x": 0,
                "y": -4,
                "radius": 3,
                "tri": true,
                "color": "409EFFFF",
                "haloRotateSpeed": 1.6,
                "haloRadius": 8,
                "haloRadiusTo": 8,
                "stroke": 0,
                "strokeTo": 1.7,
                "shapes": 4,
                "triLengthTo": 1.5,
                "triLength": 0,
                "mirror": true,
                "layer": 110
            },
            {
                "type": "HaloPart",
                "x": 0,
                "y": -4,
                "radius": 3,
                "tri": true,
                "color": "409EFFFF",
                "haloRotation": 90,
                "haloRadius": 12,
                "stroke": 0,
                "strokeTo": 1.7,
                "shapes": 2,
                "triLengthTo": 12,
                "triLength": 0,
                "mirror": false,
                "layer": 110
            },
            {
                "type": "HaloPart",
                "x": 0,
                "y": -4,
                "radius": 3,
                "tri": true,
                "color": "409EFFFF",
                "haloRotation": 90,
                "haloRadius": 12,
                "stroke": 0,
                "strokeTo": 1.7,
                "shapes": 2,
                "shapeRotation": 180,
                "triLengthTo": 4,
                "triLength": 0,
                "mirror": false,
                "layer": 110
            },
            {
                "type": "HaloPart",
                "x": 0,
                "y": -4,
                "radius": 3,
                "tri": true,
                "color": "409EFFFF",
                "haloRotation": 150,
                "haloRadius": 12,
                "stroke": 0,
                "strokeTo": 1.7,
                "shapes": 1,
                "shapeRotation": 180,
                "triLengthTo": 4,
                "triLength": 0,
                "mirror": true,
                "layer": 110
            },
            {
                "type": "HaloPart",
                "x": 0,
                "y": -4,
                "radius": 3,
                "tri": true,
                "color": "409EFFFF",
                "haloRotation": 150,
                "haloRadius": 12,
                "stroke": 0,
                "strokeTo": 1.7,
                "shapes": 1,
                "triLengthTo": 12,
                "triLength": 0,
                "mirror": true,
                "layer": 110
            }
        ]   
    }
}



