{
	"type": "PowerTurret",
    "category": "turret",
    "research": "20-avalanche",
	"size": 5,
	"health": 2660,
	"range": 500,
	"reload": 600,
	"inaccuracy": 0,
	"shots" : 1,
    "recoil": 0,
    "minWarmup": 0.999,
    "warmupHeat": true,
    "targetAir" : true, 
	"targetGround" : true,
    "hasItems": true,
    "hasLiquids": true,
    "cooldownTime": 60,
    "heatColor": "FFFFFFFF",
	"rotateSpeed": 0.6,
	"shootShake" : 10,
	"shootSound": "bigLaserShoot",
	"hasPower": true,
    "consumes": {
	    "power": 16,
        "liquid": "iridium/0.8"
	},
	"shootType": {
        "type": "ArtilleryBulletType",
        "speed": 6,
        "hitSound": "plasmaboom",
        "damage": 120,
        "scaleVelocity": true,
        "splashDamage": 120,
        "splashDamageRadius": 80,
        "height": 0,
        "width": 0,
        "ammoMultiplier": 4,
        "shootEffect": "none",
        "trailEffect": "none",
        "despawnEffect": "none",
        "hitEffect": {
            "type": "multiEffect",
            "effects": [
                {
                    "type": "ParticleEffect",
                    "region": "mindustrinity-starlong",
                    "particles": 1,
                    "sizeFrom": 20,
                    "spin": 1,
                    "sizeTo": 0,
                    "length": 0,
                    "rotatespeed": 3,
                    "interp": "swingIn",
                    "lifetime": 720,
                    "layer": 110,
                    "colorFrom": "FFF740FF",
                    "colorTo": "FFF74000"
                },
                {
                    "type": "ParticleEffect",
                    "region": "mindustrinity-starlarg",
                    "particles": 1,
                    "spin": -0.7,
                    "sizeFrom": 20,
                    "sizeTo": 0,
                    "length": 0,
                    "rotatespeed": 3,
                    "interp": "swingIn",
                    "lifetime": 720,
                    "layer": 110,
                    "colorFrom": "FFF740FF",
                    "colorTo": "FFF74000"
                }
            ]
        },
        "lightning": 1,
        "lightningLength": 2,
        "lightningType": {
            "type": "BulletType",
            "lifetime": 1,
            "hitEffect": "none",
            "fragBullets": 600,
            "fragLifeMin": 0.01,
            "fragBullet": {
                "type": "BulletType",
                "speed": 0,
                "damage": 0,
                "lifetime": 600,
                "lightning": 1,
                "lightningDamage": 60,
                "lightningLength": 3,
                "lightningLengthRand": 6,
                "lightningColor": "FFF740FF"
            }
        }
	},
	"requirements": [
        "sulfur/250",
        "steel/300",
        "surge-alloy/550",
        "infused-iridium/250"
    ],
	
    "drawer": {
        "type": "DrawTurret",
        "parts": [ 
            {
                "type": "RegionPart",
                "progress": "warmup",
                "heatProgress": "warmup",
                "heatColor": "E0DA3A80",
                "moveX": 2,
                "moveY": 13.9,
                "suffix": "-front",    
                "mirror": true,
                "x": 0,
                "y": 0
            },
            {
                "type": "RegionPart",
                "suffix": "-main",
                "heatProgress": "warmup",
                "heatColor": "E0DA3A80",
                "x": 0,
                "y": 0
            },
            {
                "type": "RegionPart",
                "progress": "warmup",
                "heatProgress": "warmup",
                "heatColor": "E0DA3A80",
                "moveX": 1,
                "moveY": 0,
                "suffix": "-edge",    
                "mirror": true,
                "x": 0,
                "y": 0
            },
            {
                "type": "FlarePart",
                "color2": "FFFFFF",
                "color1": "FFF740FF",
                "x": 0,
                "y": 20,
                "rotation": 6,
                "progress": "warmup",
                "stroke": 3,
                "radius": 0,
                "radiusTo": 4,
                "mirror": false,
                "layer": 110
            },
            {
                "type": "HaloPart",
                "x": 0,
                "y": 20,
                "square": true,
                "color": "FFF740FF",
                "hollow": true,
                "shapes": 1,
                "haloRotateSpeed": -2.8,
                "haloRadius": 0,
                "haloRadiusTo": 0,
                "stroke": 0,
                "strokeTo": 0.7,
                "radius": 6,
                "mirror": true,
                "layer": 110
            },
            {
                "type": "HaloPart",
                "x": 0,
                "y": 20,
                "radius": 4,
                "tri": true,
                "delai": 60,
                "color": "FFF740FF",
                "haloRotation": 40,
                "haloRadius": 7,
                "stroke": 0,
                "strokeTo": 0.01,
                "shapes": 1,
                "triLengthTo": 5,
                "triLength": 0,
                "mirror": true,
                "layer": 110
            },
            {
                "type": "HaloPart",
                "x": 0,
                "y": 20,
                "radius": 4,
                "tri": true,
                "delai": 60,
                "color": "FFF740FF",
                "haloRotation": 40,
                "haloRadius": 7,
                "stroke": 0,
                "strokeTo": 0.01,
                "shapes": 1,
                "shapeRotation": 180,
                "triLengthTo": 1,
                "triLength": 0,
                "mirror": true,
                "layer": 110
            },
            {
                "type": "HaloPart",
                "x": 0,
                "y": 20,
                "radius": 4,
                "tri": true,
                "delai": 60,
                "color": "FFF740FF",
                "haloRotation": 0,
                "haloRadius": 7,
                "stroke": 0,
                "strokeTo": 0.01,
                "shapes": 1,
                "triLengthTo": 5,
                "triLength": 0,
                "mirror": false,
                "layer": 110
            },
            {
                "type": "HaloPart",
                "x": 0,
                "y": 20,
                "radius": 4,
                "tri": true,
                "delai": 60,
                "color": "FFF740FF",
                "haloRotation": 0,
                "haloRadius": 7,
                "stroke": 0,
                "strokeTo": 0.01,
                "shapes": 1,
                "shapeRotation": 180,
                "triLengthTo": 1,
                "triLength": 0,
                "mirror": false,
                "layer": 110
            }
        ]   
    }
}