{
	"type": "ContinuousLiquidTurret",
    "size": 6,
    "range": 640,
    "liquidConsumed": 0.6,
    "shootWarmupSpeed": 0.08,
    "outlineColor": "0F0F0F",
    "cooldownTime": 240,
    "hasPower": true,
    "loopSound": "torch",
    "targetBuilding": false,
    "shake": 7,
    "shootSound": "shockBlast",
    "recoil": 0,
    "shootY": 0,
    "shootCone": 360,
    "aimChangeSpeed": 0.6,
    "rotateSpeed": 0.6,
    "consumes" : {
        "power": 74
    },
    "shootEffect": {
        "type": "multiEffect",
        "effects": [
            {
                "type": "ParticleEffect",
                "particles": 12,
                "length": 100,
                "lifetime": 55,
                "line": true,
                "cone": 40,
                "lenFrom": 8,
                "lenTo": 2,
                "strokeFrom": 3,
                "strokeTo": 0.5,
                "colorFrom": "FF4040",
                "colorTo": "FF4040"
            },
            {
                "type": "ParticleEffect",
                "particles": 21,
                "length": 100,
                "lifetime": 35,
                "line": true,
                "cone": 70,
                "lenFrom": 8,
                "lenTo": 5,
                "strokeFrom": 3,
                "strokeTo": 0.5,
                "colorFrom": "FF4040",
                "colorTo": "FF4040"
            },
            {
                "type": "ParticleEffect",
                "particles": 24,
                "length": 140,
                "lifetime": 25,
                "line": true,
                "cone": 40,
                "lenFrom": 10,
                "lenTo": 10,
                "strokeFrom": 3,
                "strokeTo": 0.5,
                "colorFrom": "FF4040",
                "colorTo": "FF4040"
            }
        ]
    },
    "ammoTypes": {
        "water": {
            "type": "PointLaserBulletType",
            "color": "FF4040",
            "status": "death",
            "beamEffectSize": 3,
            "oscScl": 4,
            "length": 640,
            "drawSize": 350,
            "statusDuration": 540,
            "buildingDamageMultiplier": 0,
            "hitEffect": {
                "type": "ParticleEffect",
                "line": true,
                "particles": 7,
                "cone": -360,
                "strokeFrom": 2.5,
                "strokeTo": 0,
                "lenFrom": 8,
                "lenTo": 0,
                "colorFrom": "FF0000",
                "colorTo": "FF0000"
            } 
        }
    },
    "requirements": [
        "silicon/850",
        "wolframite/1"
    ],
    "category": "turret",
    "research": "meltdown",
    "effect": [
        {
            "type": "StatusFieldAbility",
            "effect": "mindustrinity-omen",
            "range": 900000,
            "reload": 200,
            "duration": 300,
            "activeEffect": {
                "type": "MultiEffect",
                "effects": [
                ]
            }
        }
    ],
    "drawer": {
        "type": "DrawTurret",
        "parts": [ 
            {
                "outline" : false,
                "suffix": "-reap",
                "heatProgress": "warmup",
                "mirror": true,
                "under": true,
                "moveY": -6,
                "moveX": -13,
                "moveRot": 170,
                "color": "FF4040",
                "heatColor": "FF4040"
            },
            {
                "type": "RegionPart",
                "suffix": "-main",
                "heatProgress": "warmup",
                "heatColor": "FF404080",
                "x": 0,
                "y": 0
            }
        ]
    }
}