{
        "localizedName": "Circulation",
	"description": "An Armored unit created by unknown civilization. Fires basic laser bolts at all nearby enemies and explodes on death.",
        "research": {
			"requirements": [
			"silicon/100",
			"titanium/50"
			],
			"parent": "dagger"
		},
        "speed": 2.32,
        "accel": 0.07,
        "drag": 0.06,
		"outlineColor": "28292EFF",
        "flying": true,
        "health": 210,
        "armor": 2,
	"range": 120,
        "engineOffset": 5.5,
		"TargetAir": true,
        "commandLimit": 8,
        "circleTarget": true,
	"destructableWreck": false,
	    "weapons": [
		{
    "name": "red-laser-weapon",
    "shootCone": 15,
    "mirror": false,
	"alternate": false,
    "top": false,
	"rotate": false,
    "y": 1,
	"x": 0,
    "reload": 12,
    "shootSound": "bolt",
	"ejectEffect": "none",
	"smokeEffect": "none",
    "recoil": 2.5,
    "bullet": {
    "type": "LaserBoltBulletType",
	"frontColor": "FF6666FF",
	"backColor": "DD4444FF",
	"lifetime": 30,
	"speed": 4,
	"damage": 7,
	"shootEffect":  {
	    		"type": "ParticleEffect"	
                        "sizeFrom": 2,
		"line": true,
		"sizeTo": 1,
        		"lifetime": 8,
		"colorFrom": "FF6666FF",
		"colorTo": "FF6666FF",
			},
	"hitEffect": {
	    		"type": "ParticleEffect"	
                        "sizeFrom": 2,
		"line": true,
		"sizeTo": 1,
        		"lifetime": 8,
		"colorFrom": "FF6666FF",
		"colorTo": "FF6666FF",
			},
    "despawnEffect": {
	    		"type": "ParticleEffect"	
                        "sizeFrom": 2,
	    "line": true,
		"sizeTo": 1,
        		"lifetime": 8,
		"colorFrom": "FF6666FF",
		"colorTo": "FF6666FF",
			}
			
		}
		},
		    {
			    "name": "circulation-death-lightning"
			    "x": 0,
			    "y": 0,
			    "reload": 99999
			    "shootSound": "spark",
			    "inaccuracy": 360,
			    "shots": 3,
			    "shootCone": 360,
			    "ignoreRotation": true,
			    "shootOnDeath": true,
			    "bullet": {
			    "type": "lightningBulletType",
			    "damage": 10,
			    "lightningColor": "FF6666FF",
			    "lightningLength": 8,
			    "lightningLengthRand": 2
		    }
		    }
	]
}
