{
"name": "Aster",
"type": "mech",
"research": "irises",
"armor": 5,
"rotateSpeed": 3,
"outlineColor": "34353EFF",
"hitSize": 24,
"mechFrontSway": 0.55,
"buildSpeed": 2.6,
"speed": 0.72,
"flying": false,
"health": 1000,
"range": 120,
"immunities": [
		"corroded",
		"slow"
		],
"weapons": [
  {
  "name": "gamma-flak-weapon",
  "x": 13,
  "y": 0,
  "reload": 54,
  "alternate": true,
  "top": false,
  "shootY": 6,
  "recoil": 1,
  "cooldownTime": 58,
  "shootSound": "laser",
  "ejectEffect": "none",
  "bullet": {
    "type": "FlakBulletType",
	"sprite" : "exogenesis-plasma",
	"collidesTeam": true,
    "healPercent": 0.8,
    "status": "blasted",
	"statusDuration": 300,
	"explodeRange" : 35,
	"damage": 50,
  "collidesGround": true,
  "collidesTiles": true,
  "trailRotation": true,
	"scaleVelocity": true,
	"splashDamage": 100,
	"splashDamageRadius": 60,	
	"height": 20,
	"buildingDamageMultiplier": 0.40,
	"width": 20,			
	"speed": 4.5,
	"lifetime": 60,
	"lightColor": "73FFAEFF",
	"shrinkX": 0,
	"shrinkY": 0,
    "hitEffect": {
    "type": "MultiEffect",
	"effects": [
	{
	"type": "ParticleEffect",
    "line": true,
    "particles": 18,
    "lifetime": 42,
    "baseLength": 60,
    "length": 70,
    "lenFrom": 6,
    "lenTo": 6,
    "lightColor": "73FFAEFF",
    "colorFrom": "73FFAEFF",
    "colorTo": "57D993FF"
	},
	{
	"type": "ParticleEffect",
    "particles": 10,
    "length": 60,
    "lifetime": 110,
    "interp": "circleOut",
    "sizeInterp": "pow5In",
    "colorFrom": "787878",
    "colorTo": "787878",
    "sizeFrom": 8,
    "sizeTo": 0
	},
	{
    "type": "ParticleEffect",
    "particles": 16,
    "length": 60,
    "lifetime": 100,
    "interp": "circleOut",
    "sizeInterp": "pow5In",
    "lightColor": "73FFAEFF",
    "colorFrom": "73FFAEFF",
    "colorTo": "57D993FF",
    "sizeFrom": 9,
    "sizeTo": 0
	},
	{
    "type": "ParticleEffect",
    "particles": 11,
    "length": 90,
    "lifetime": 90,
    "interp": "circleOut",
    "sizeInterp": "pow5In",
    "lightColor": "73FFAEFF",
    "colorFrom": "73FFAEFF",
    "colorTo": "57D993FF",
    "sizeFrom": 6,
    "sizeTo": 0
	},
	{
    "type": "ParticleEffect",
    "particles": 6,
    "length": 110,
    "lifetime": 80,
    "interp": "circleOut",
    "sizeInterp": "pow5In",
    "lightColor": "73FFAEFF",
    "colorFrom": "73FFAEFF",
    "colorTo": "57D993FF",
    "sizeFrom": 4,
    "sizeTo": 0
	}
	]
    },
	"shootEffect": {
	"type": "MultiEffect",
	"effects": [
	{
	"type": "ParticleEffect",
    "particles": 11,
    "length": 60,
    "lifetime": 50,
    "interp": "pow3Out",
    "sizeInterp": "pow5In",
    "cone": -20,
    "offset": 30,
    "colorFrom": "787878",
    "colorTo": "787878",
    "sizeFrom": 4,
    "sizeTo": 0
	},
	{
    "type": "ParticleEffect",
    "particles": 6,
    "length": 40,
    "lifetime": 45,
    "interp": "circleOut",
    "sizeInterp": "pow5In",
    "cone": -10,
    "offset": 30,
    "colorFrom": "73FFAEFF",
    "colorTo": "57D993AA",
    "sizeFrom": 3.5,
    "sizeTo": 0
	}
	]
	},
	"trailEffect": {
	"type": "MultiEffect",
	"effects": [
	{
	"type": "ParticleEffect",
    "particles": 5,
    "length": 6,
    "baseLength": 6,
    "lifetime": 50,
    "interp": "pow3Out",
    "sizeInterp": "pow5In",
    "cone": -30,
    "offset": 30,
    "colorFrom": "787878",
    "colorTo": "787878",
    "sizeFrom": 5,
    "sizeTo": 0
	},
	{
    "type": "ParticleEffect",
    "particles": 3,
    "length": 10,
    "baseLength": 10,
    "lifetime": 45,
    "interp": "pow3Out",
    "sizeInterp": "pow5In",
    "cone": -30,
    "offset": 30,
    "colorFrom": "73FFAEFF",
    "colorTo": "57D993AA",
    "sizeFrom": 3.5,
    "sizeTo": 0
	}
	]
	},
	"absorbable": false,
	"trailChance": 0.8,
	"smokeEffect": {
    "type": "ParticleEffect",
    "particles": 15,
    "length": 40,
    "lifetime": 35,
    "interp": "circleOut",
    "cone": 20,
    "offset": 20,
    "colorFrom": "73FFAEFF",
    "colorTo": "73FFAEFF",
    "sizeFrom": 4,
    "sizeTo": 0
	},
	"frontColor": "FFFFFFFF",
	"backColor": "73FFAEFF"
    }
  }
    ],
    "abilities": [
      {
        "type": "mindustry.entities.abilities.RepairFieldAbility",
        "activeEffect": {
        "type": "WaveEffect",
        "lifetime": 45,
        "sizeFrom": 0,
        "sizeTo": 160,
        "sides": 8,
        "strokeFrom": 3,
        "strokeTo": 0,
        "lightColor": "73FFAEFF",
        "colorFrom": "73FFAEFF",
        "colorTo": "57D993FF"
        },
        "healEffect": {
        "type": "WaveEffect",
        "lifetime": 45,
        "sizeFrom": 0,
        "sizeTo": 10,
        "strokeFrom": 2,
        "strokeTo": 0,
        "lightColor": "73FFAEFF",
        "colorFrom": "73FFAEFF",
        "colorTo": "57D993FF"
        },
        "range": 160,
        "amount": 90,
        "reload": 240
        },
        {
        "type": "mindustry.entities.abilities.StatusFieldAbility",
        "activeEffect": "none",
        "range" : 120,
        "reload" : 100,
        "duration" : 120,
        "effect": "overclock"
      }
   ]
}
