{
    "type": "mech",
    "outlineColor": "34353EFF",
    "research": {
    "parent": "QuaFactory",
    "requirements": [
    "valvanite/100",
    "silicon/200"
    ]
    },
    "flying": false,
    "speed": 1.2,
    "hitSize": 10.5,
    "health": 560,
    "buildSpeed": 0.5,
    "armor": 1,

    "weapons": [
    {
    "name": "disk-launcher",
    "top": false,
    "shootY": 2,
    "reload": 60,
    "x": -6.5,
    "alternate": true,
    "mirror": true,
    "recoil": 2,
    "shootSound": "laser",
    "bullet": { 
    "type": "basicBulletType",
    "sprite": "exogenesis-disk-bullet",
    "damage": 18,
    "splashDamage": 10,
    "splashDamageRadius": 20,
    "collidesTeam": true,
    "healPercent": 0.1,
    "pierceCap": 4,
    "buildingDamageMultiplier": 0.15,
    "pierceBuilding": true,
    "pierce": true,
    "trailChance": 1,
    "trailEffect": {
    "type": "ParticleEffect",
    "particles": 1,
    "length": 0,
    "lifetime": 20,
    "region": "exogenesis-disk-bullet-back",
    "lightColor": "73FFAEFF",
    "colorFrom": "73FFAEFF",
    "colorTo": "57D99300",
    "sizeFrom": 7,
    "sizeTo": 7
    },
    "speed": 6,
    "shrinkY": 0,
    "shrinkX": 0,
    "width": 12,
    "height": 12,
    "shootEffect": {
    "type": "ParticleEffect",
    "line": true,
    "particles": 8,
    "lifetime": 32,
    "length": 45,
    "cone": -35,
    "lenFrom": 6,
    "lenTo": 0,
    "lightColor": "73FFAEFF",
    "colorFrom": "73FFAEFF",
    "colorTo": "57D993FF"
    },
    "lifetime": 40,
    "homingRange": 100,
    "homingDelay": 10,
    "homingPower": 0.6,
    "despawnEffect": {
    "type": "ParticleEffect",
    "line": true,
    "particles": 8,
    "lifetime": 32,
    "length": 45,
    "cone": -360,
    "lenFrom": 5,
    "lenTo": 0,
    "lightColor": "73FFAEFF",
    "colorFrom": "73FFAEFF",
    "colorTo": "57D993FF"
    },
    "hitEffect": {
    "type": "ParticleEffect",
    "line": true,
    "particles": 8,
    "lifetime": 32,
    "length": 45,
    "cone": -360,
    "lenFrom": 5,
    "lenTo": 0,
    "lightColor": "73FFAEFF",
    "colorFrom": "73FFAEFF",
    "colorTo": "57D993FF"
    },
    "lightColor": "73FFAEFF",
    "backColor": "73FFAEFF",
    "frontColor": "FFFFFF"
     }
  }
     ],
    "abilities": [
      {
        "type": "mindustry.entities.abilities.RepairFieldAbility",
        "activeEffect": {
        "type": "WaveEffect",
        "lifetime": 35,
        "sizeFrom": 0,
        "sizeTo": 80,
        "sides": 8,
        "strokeFrom": 3,
        "strokeTo": 0,
        "lightColor": "73FFAEFF",
        "colorFrom": "73FFAEFF",
        "colorTo": "57D993FF"
        },
        "healEffect": {
        "type": "WaveEffect",
        "lifetime": 35,
        "sizeFrom": 0,
        "sizeTo": 10,
        "strokeFrom": 2,
        "strokeTo": 0,
        "lightColor": "73FFAEFF",
        "colorFrom": "73FFAEFF",
        "colorTo": "57D993FF"
        },
        "range": 80,
        "amount": 20,
        "reload": 170
      }
   ]
}
