{
	"type": "ImpactReactor",
	"name": "Aether Reactor",
	"description": "Reacteur d'Aether",
	"research": "impact-reactor",
	"size": 5,
	"idleSound": "EnergyLoop2",
	"idleSoundVolume": 0.5,
	"health": 1200,
	"category": "power",
	"powerProduction": 300,
	"itemDuration": 300,
	"requirements": [
		{"item": "infused-aether", "amount": 375},
		{"item": "surge-alloy", "amount": 250},
		{"item": "titanium", "amount": 50}
	],
	"consumes": { 
		"power": 25,
		"items":{
			"items": [
				"infused-aether/1",
				"blast-compound/1"
			]
		},
		"liquid": {
			"liquid": "cryofluid",
			"amount": 0.5
		}

	}
}



