{
    "type": "ItemTurret",
    "name": "[Anti-Air] ŔKAA-14 «Goŕy» MKII",
    "description": "The advanced version of ŔKAA-14.",
    "health": 250,
    "size": 2,
    "reload": 3,
    "inaccuracy": 7,
    "shootSound": "Turrets/AAmk2",
    "range": 450,
    "rotateSpeed": 18,
    "targetGround": false,
    "targetAir": true,
    "maxAmmo": 2500,
    "shoot":{
        "type": "ShootMulti",
        "source": "ShootAlternate",
        "dest": [
           {
           "type": "ShootBarrel",
           "shots": 1,
           "barrels": [
                2, 0, 0,
                -2, 0, 0,
                0, 0, 0,
              ],
            },
          ],
        },
    "ammoTypes": {
        "copper": {
          "frontColor": "FFD04D",
          "backColor": "863925",
          "speed": 12,
          "damage": 13,
          "width": 5,
          "height": 15,
          "shootEffect": "shootSmall",
          "smokeEffect": "shootSmallSmoke",
          "lifetime": 60,
          "hitSound": "Hits/MetalHitRL",
          "ammoMultiplier": 100
          
        },
        "lead": {
            "frontColor": "6F72FF",
            "backColor": "1B1D6E",
            "speed": 15,
            "damage": 20,
            "width": 5,
            "height": 15,
            "shootEffect": "shootSmall",
            "smokeEffect": "shootSmallSmoke",
            "lifetime": 60,
            "hitSound": "Hits/LeadHit",
            "ammoMultiplier": 100
          },
        "metaglass": {
            "frontColor": "FFFFFF",
            "backColor": "606060",
            "speed": 20,
            "damage": 40,
            "width": 4,
            "height": 15,
            "shootEffect": "shootSmall",
            "smokeEffect": "shootSmallSmoke",
            "lifetime": 60,
            "hitEffect": "flakExplosion",
            "splashDamage": 100,
            "splashDamageRadius": 45,
            "hitSound": "Hits/GlassHit",
            "ammoMultiplier": 100
        }
    },
    "category": "turret",
    "research": "GoryMKI",
    "requirements": [    
        "copper/30",
        "lead/15",
        "graphite/15",
        "titanium/5"
    ]
}
