{
    "type": "ItemTurret",
    "name": "[Anti-Air] ŔKAA-14 «Goŕy» MKI",
    "description": "The first turret designed and produced by Ŕobin - Kaßella Industry. It isn't so powerful.",
    "health": 150,
    "size": 1,
    "reload": 15,
    "inaccuracy": 7,
    "shootSound": "Turrets/AA-sg",
    "range": 255,
    "rotateSpeed": 25,
    "targetGround": false,
    "targetAir": true,
    "shoot":{
        "type": "ShootMulti",
        "source": "ShootAlternate",
        "dest": [
           {
           "type": "ShootBarrel",
           "shots": 6,
           "barrels": [
                0, 0, 0,
              ],
            },
          ],
        },
    "ammoTypes": {
        "copper": {
          "speed": 12,
          "damage": 15,
          "width": 2,
          "height": 9,
          "shootEffect": "shootSmall",
          "smokeEffect": "shootSmallSmoke",
          "lifetime": 60,
          "hitSound": "Hits/MetalHitRL"
        },
        "lead": {
            "speed": 15,
            "damage": 24,
            "width": 2,
            "height": 9,
            "shootEffect": "shootSmall",
            "smokeEffect": "shootSmallSmoke",
            "lifetime": 60,
            "hitSound": "Hits/LeadHit"
          },
        "metaglass": {
            "speed": 20,
            "damage": 60,
            "width": 2,
            "height": 9,
            "shootEffect": "shootSmall",
            "smokeEffect": "shootSmallSmoke",
            "lifetime": 60,
            "hitEffect": "flakExplosion",
            "splashDamage": 70,
            "splashDamageRadius": 35,
            "hitSound": "Hits/GlassHit"
        }
    },
    "category": "turret",
    "research": "KavtashkaMKI",
    "requirements": [    
        "copper/25",
        "lead/10"
    ]
}
