{
    "singleTarget": true,
	"lightRadius": 300,
    "type": "legs",
	"speed": 0.40,
	"hitSize": 100,
	"health": 5300000,
    "legCount":6,
    "drownTimeMultiplier": 99999999999999,
	"canDrown": false,
    "groundLayer": 87,
    "legPairOffset": 2,
"outlineColor": "252525FF",
    "legLength": 82,
    "legBaseOffset": 28,
    "legExtension": -20,
    "legSpeed": 0.7,
    "legLengthScl": 1,
    "rippleScale": 9,
    "legSplashDamage": 700,
    "legSplashRange": 95,
    "allowLegStep": true,
    "hovering": true,
	"armor": 460,
	"drag": 0.2,
	"range": 450,
	"maxRange": 450,
	"flying": false,
	"rotateSpeed": 1.5,
	"immunities": [
    "tarred",
    "melting",
    "corroded",
    "freezing",
    "blasted",
    "slow",
    "burning",
    "wet",
    "muddy",
    "sapped", 
    "disarmed",
    "shocked",
    "electrified",
    "spore-slowed"
	],
	"weapons": [
	{

    "name": "arcturus-spiker",
    "x": 40,
    "y": 42,
    "reload": 24,
    "alternate": true,
    "top": true,
    "inaccuracy": 3,
    "shootSound": "laser",
    "bullet": {
    "type" : "basicBulletType",
    "sprite" : "exogenesis-peircer",
    "status": "melting",
    "damage": 320,
    "height" : 12,
    "width" : 12,
    "speed": 5,
    "lifetime" : 95,
    "absorbable": false,
    "pierceBuilding": true,
    "pierce": true,	
    "hitEffect": {
    "type": "ParticleEffect",
    "line": true,
    "particles": 30,
    "lifetime": 30,
    "offset": 30,
    "length": 20,
    "cone": -15,
    "strokeFrom": 2,
    "strokeTo": 0,
    "lenFrom": 5,
    "lenTo": 5,
    "colorFrom": "FF5845FF",
    "colorTo": "FF5845FF"
    },
    "despawnEffect": {
    "type": "ParticleEffect",
    "line": true,
    "particles": 30,
    "lifetime": 30,
    "offset": 30,
    "length": 20,
    "cone": -15,
    "strokeFrom": 2,
    "strokeTo": 0,
    "lenFrom": 5,
    "lenTo": 5,
    "colorFrom": "FF5845FF",
    "colorTo": "FF5845FF"
    },
	"shootEffect": "shootBig2",
	"homingPower": 0.0800,
	"homingRange": 50,
	"trailParam": 5,
	"trailLength": 19,
    "trailWidth": 3,
	"trailEffect": "none",
	"trailColor": "FF5845FF",
    "backColor": "FF5845FF",
    "frontColor": "FFC1BBFF"
	       }
	    },
     {
    "name": "arcturus-spiker",
    "x": 57,
    "y": 25,
    "reload": 27,
    "alternate": true,
    "top": true,
    "inaccuracy": 3,
    "shootSound": "laser",
    "bullet": {
    "type" : "basicBulletType",
    "sprite" : "exogenesis-peircer",
    "status": "melting",
    "damage": 320,
    "height" : 12,
    "width" : 12,
    "speed": 5,
    "lifetime" : 95,
    "absorbable": false,
    "pierceBuilding": true,
    "pierce": true,	
    "hitEffect": {
    "type": "ParticleEffect",
    "line": true,
    "particles": 30,
    "lifetime": 30,
    "offset": 30,
    "length": 20,
    "cone": -15,
    "strokeFrom": 2,
    "strokeTo": 0,
    "lenFrom": 5,
    "lenTo": 5,
    "colorFrom": "FF5845FF",
    "colorTo": "FF5845FF"
    },
    "despawnEffect": {
    "type": "ParticleEffect",
    "line": true,
    "particles": 30,
    "lifetime": 30,
    "offset": 30,
    "length": 20,
    "cone": -15,
    "strokeFrom": 2,
    "strokeTo": 0,
    "lenFrom": 5,
    "lenTo": 5,
    "colorFrom": "FF5845FF",
    "colorTo": "FF5845FF"
    },
	"shootEffect": "shootBig2",
	"homingPower": 0.0800,
	"homingRange": 50,
	"trailParam": 5,
	"trailLength": 19,
    "trailWidth": 3,
	"trailEffect": "none",
	"trailColor": "FF5845FF",
    "backColor": "FF5845FF",
    "frontColor": "FFC1BBFF"
    }
	    },
     {
    "name": "arcturus-spiker",
    "x": 66,
    "y": 2,
    "reload": 30,
    "alternate": true,
    "top": true,
    "inaccuracy": 3,
    "shootSound": "laser",
    "bullet": {
    "type" : "basicBulletType",
    "sprite" : "exogenesis-peircer",
    "status": "melting",
    "damage": 320,
    "height" : 12,
    "width" : 12,
    "speed": 5,
    "lifetime" : 95,
    "absorbable": false,
    "pierceBuilding": true,
    "pierce": true,	
    "hitEffect": {
    "type": "ParticleEffect",
    "line": true,
    "particles": 30,
    "lifetime": 30,
    "offset": 30,
    "length": 20,
    "cone": -15,
    "strokeFrom": 2,
    "strokeTo": 0,
    "lenFrom": 5,
    "lenTo": 5,
    "colorFrom": "FF5845FF",
    "colorTo": "FF5845FF"
    },
    "despawnEffect": {
    "type": "ParticleEffect",
    "line": true,
    "particles": 30,
    "lifetime": 30,
    "offset": 30,
    "length": 20,
    "cone": -15,
    "strokeFrom": 2,
    "strokeTo": 0,
    "lenFrom": 5,
    "lenTo": 5,
    "colorFrom": "FF5845FF",
    "colorTo": "FF5845FF"
    },
	"shootEffect": "shootBig2",
	"homingPower": 0.0800,
	"homingRange": 50,
	"trailParam": 5,
	"trailLength": 19,
    "trailWidth": 3,
	"trailEffect": "none",
	"trailColor": "FF5845FF",
    "backColor": "FF5845FF",
    "frontColor": "FFC1BBFF"
	 }
	 },
     {
    "name": "arcturus-annihilater",
    "reload": 60,
    "alternate": false,
    "top": false,
    "inaccuracy": 6,
    "mirror": true,
    "heatColor": "FF5845FF",
    "layerOffset": -0.001,
    "cooldownTime": 100,
    "x": 75,
    "y": 1,
    "shootY": 49,
    "recoil": 7.5,
    "shake": 6,
    "rotationLimit": 37,
    "alwaysContinuous": true,
  "continuous": true,
    "rotateSpeed": 1,
    "soundPitchMin": 1,
    "soundPitchMax": 1,
    "rotate": true,
    "shootSound": "torch",
    "bullet": {
    "type": "ContinuousFlameBulletType",
    "colors": ["DE4136AA", "DE4136ff", "FF5845FF", "FFC1BBFF"],
    "damage": 130,
    "flareWidth": 16,
    "flareLength": 124,
    "flareColor": "FF5845FF",
    "width": 14,
    "lifetime": 105,
    "divisions": 20,
    "length": 300,
    "status": "exogenesis-plasma-vaporisation",
    "statusDuration": 150,
    "hitEffect": {
    "type": "ParticleEffect",
    "line": true,
    "particles": 8,
    "lifetime": 25,
    "length": 65,
    "cone": -360,
    "lenFrom": 7,
    "lenTo": 1,
    "colorFrom": "FF5845FF",
    "colorTo": "FFC1BBFF"
    },
    "drawSize": 660
    }
    },
    {
    "name": "arcturus-heavy-artillery",
    "y": -25,
    "x": 45,
    "top": true,
    "mirror": true,
    "alternate": true,
    "shoot": {
    "shots": 4,
},
    "inaccuracy": 10,
    "velocityRnd": 0.4,
    "rotate": true,
    "rotateSpeed": 2,
    "shootY": 14,
    "reload": 120,
    "recoil": 4,
    "shake": 3,
    "ejectEffect": "casing2",
    "shootSound": "artillery",
    "bullet": {
    "type": "ArtilleryBulletType",
    "shootEffect": "shootBig2",
    "hitEffect": {
    "type": "multiEffect",
    "effects": [
    {
    "type": "WaveEffect",
    "lifetime": 25,
    "sizeFrom": 0,
    "sizeTo": 60,
    "interp": "circleOut",
    "strokeFrom": 3,
    "strokeTo": 0,
    "colorFrom": "FF5845FF",
    "colorTo": "FF5845FF"
    },
    {
    "type": "ParticleEffect",
    "lightOpacity": 0,
    "particles": 13,
    "length": 70,
    "baseLength": 20,
    "lifetime": 90,
    "interp": "pow10Out",
    "sizeFrom": 10,
    "sizeTo": 6,
    "colorFrom": "787878",
    "colorTo": "78787810"
    },
    {
    "type": "ParticleEffect",
    "line": true,
    "particles": 10,
    "lifetime": 30,
    "baseLength": 10,
    "offset": 30,
    "length": 60,
    "cone": -360,
    "lenFrom": 8,
    "lenTo": 0,
    "colorFrom": "FF5845FF",
    "colorTo": "FF5845FF"
    }
    ]
    }, 
    "despawnEffect": {
    "type": "multiEffect",
    "effects": [
    {
    "type": "WaveEffect",
    "lifetime": 25,
    "sizeFrom": 0,
    "sizeTo": 60,
    "interp": "circleOut",
    "strokeFrom": 3,
    "strokeTo": 0,
    "colorFrom": "FF5845FF",
    "colorTo": "FF5845FF"
    },
    {
    "type": "ParticleEffect",
    "lightOpacity": 0,
    "particles": 13,
    "length": 70,
    "baseLength": 20,
    "lifetime": 90,
    "interp": "pow10Out",
    "sizeFrom": 10,
    "sizeTo": 6,
    "colorFrom": "787878",
    "colorTo": "78787810"
    },
    {
    "type": "ParticleEffect",
    "line": true,
    "particles": 10,
    "lifetime": 30,
    "baseLength": 10,
    "offset": 30,
    "length": 60,
    "cone": -360,
    "lenFrom": 8,
    "lenTo": 0,
    "colorFrom": "FF5845FF",
    "colorTo": "FF5845FF"
    }
    ]
    }, 
    "lifetime": 80,
	"splashDamage": 800,
	"splashDamageRadius": 70,	
    "speed": 5,
    "status": "exogenesis-molten1",
    "statusDuration": 100,
    "width": 21,
    "height": 21,
    "trailColor": "FF5845FF",
    "backColor": "FF5845FF",
    "frontColor": "FFC1BBFF"
    }
    },
    {
    "name": "arcturus-heavy-artillery",
    "y": -20,
    "x": 25,
    "top": true,
    "mirror": true,
    "alternate": true,
     "shoot": {
    "shots": 4,
},
    "inaccuracy": 10,
    "velocityRnd": 0.4,
    "rotate": true,
    "rotateSpeed": 2,
    "shootY": 14,
    "reload": 120,
    "recoil": 4,
    "shake": 3,
    "ejectEffect": "casing2",
    "shootSound": "artillery",
    "bullet": {
    "type": "ArtilleryBulletType",
    "shootEffect": "shootBig2",
    "hitEffect": {
    "type": "multiEffect",
    "effects": [
    {
    "type": "WaveEffect",
    "lifetime": 25,
    "sizeFrom": 0,
    "sizeTo": 60,
    "interp": "circleOut",
    "strokeFrom": 3,
    "strokeTo": 0,
    "colorFrom": "FF5845FF",
    "colorTo": "FF5845FF"
    },
    {
    "type": "ParticleEffect",
    "lightOpacity": 0,
    "particles": 13,
    "length": 70,
    "baseLength": 20,
    "lifetime": 90,
    "interp": "pow10Out",
    "sizeFrom": 10,
    "sizeTo": 6,
    "colorFrom": "787878",
    "colorTo": "78787810"
    },
    {
    "type": "ParticleEffect",
    "line": true,
    "particles": 10,
    "lifetime": 30,
    "baseLength": 10,
    "offset": 30,
    "length": 60,
    "cone": -360,
    "lenFrom": 8,
    "lenTo": 0,
    "colorFrom": "FF5845FF",
    "colorTo": "FF5845FF"
    }
    ]
    }, 
    "despawnEffect": {
    "type": "multiEffect",
    "effects": [
    {
    "type": "WaveEffect",
    "lifetime": 25,
    "sizeFrom": 0,
    "sizeTo": 60,
    "interp": "circleOut",
    "strokeFrom": 3,
    "strokeTo": 0,
    "colorFrom": "FF5845FF",
    "colorTo": "FF5845FF"
    },
    {
    "type": "ParticleEffect",
    "lightOpacity": 0,
    "particles": 13,
    "length": 70,
    "baseLength": 20,
    "lifetime": 90,
    "interp": "pow10Out",
    "sizeFrom": 10,
    "sizeTo": 6,
    "colorFrom": "787878",
    "colorTo": "78787810"
    },
    {
    "type": "ParticleEffect",
    "line": true,
    "particles": 10,
    "lifetime": 30,
    "baseLength": 10,
    "offset": 30,
    "length": 60,
    "cone": -360,
    "lenFrom": 8,
    "lenTo": 0,
    "colorFrom": "FF5845FF",
    "colorTo": "FF5845FF"
    }
    ]
    }, 
    "lifetime": 80,
	"splashDamage": 800,
	"splashDamageRadius": 70,	
    "speed": 5,
    "status": "exogenesis-molten1",
    "statusDuration": 100,
    "width": 21,
    "height": 21,
    "trailColor": "FF5845FF",
    "backColor": "FF5845FF",
    "frontColor": "FFC1BBFF"
    }
    }
    ],
    "abilities": [
    {
    "type": "EnergyFieldAbility",
    "statusDuration": 5,
    "shootSound": "none",
    "healEffect": "none",
    "hitEffect": {
    "type": "ParticleEffect",
    "particles": 5,
    "offset": 30,
    "sizeFrom": 4,
    "sizeTo": 0,
    "length": 60,
    "lifetime": 20,
    "colorFrom": "FF5845FF",
    "colorTo": "FF5845FF",
    "cone": 360   
    },
    "damageEffect": "none",
    "color": "FF5845FF",
    "maxTargets": 260,
    "healPercent": 0,
    "damage": 3.5,
    "range": 170,
    "sectors": 6,
    "y": 55,
    "blinkScl": 80,
    "rotateSpeed": 3,
    "hitBuildings": true,
    "sectorRad": 0,
    "effectRadius": 6,
    "reload": 1,
    "status": {
    "name": "super-heated",
    "speedMultiplier": 0.90,
    "effectChance": 0.6,
    "damage": 8,
    "show": false,
    "transitionDamage": 50,
    "opposites": [ "freezing"],
    "affinities": [ "tarred", "melting"],
    "effect": {
    "type": "ParticleEffect",
    "particles": 8,
    "offset": 30,
    "sizeFrom": 4,
    "sizeTo": 0,
    "length": 60,
    "lifetime": 20,
    "colorFrom": "FF5845FF",
    "colorTo": "FF5845FF",
    "cone": 360
    }
    }
    },
    {
    "type": "MoveLightningAbility",
    "minSpeed": -1,
    "maxSpeed": 0,
    "damage": 0,
    "chance": 1,
    "length": 1,
    "color": "00000000",
    "shootSound": "none",
    "shootEffect": {
      "type": "ParticleEffect",
      "particles": 1,
      "sizeFrom": 70,
      "sizeTo": 70,
      "length": 0.01,
      "lifetime": 20,
      "region": "exogenesis-arcturus-glow",
      "colorFrom": "FF5845FF",
      "colorTo": "FF584500",
      "lightOpacity": 0,
      "layer": 105  
    }
    }
],
"deathExplosionEffect": {
    "type": "multiEffect",
    "effects": [
    {
    "type": "ParticleEffect",
    "lightOpacity": 0,
    "particles": 20,
    "offset": 90,
    "length": 120,
    "baseLength": 20,
    "interp": "circleOut",
    "sizeInterp": "pow5In",
    "lifetime": 400,
    "sizeFrom": 36,
    "sizeTo": 1,
    "colorFrom": "3f3f3fff",
    "colorTo": "3f3f3faa"
    },
    {
    "type": "ParticleEffect",
    "lightOpacity": 0,
    "particles": 20,
    "offset": 90,
    "length": 140,
    "baseLength": 40,
    "interp": "circleOut",
    "sizeInterp": "pow5In",
    "lifetime": 390,
    "sizeFrom": 28,
    "sizeTo": 2,
    "colorFrom": "3f3f3fff",
    "colorTo": "3f3f3faa"
    },
    {
    "type": "ParticleEffect",
    "lightOpacity": 0,
    "particles": 20,
    "offset": 90,
    "length": 160,
    "baseLength": 40,
    "interp": "circleOut",
    "sizeInterp": "pow5In",
    "lifetime": 380,
    "sizeFrom": 22,
    "sizeTo": 1,
    "colorFrom": "3f3f3fff",
    "colorTo": "3f3f3faa"
    },
    {
    "type": "ParticleEffect",
    "lightOpacity": 0,
    "particles": 20,
    "offset": 90,
    "length": 185,
    "baseLength": 40,
    "interp": "circleOut",
    "sizeInterp": "pow5In",
    "lifetime": 370,
    "sizeFrom": 14,
    "sizeTo": 1,
    "colorFrom": "3f3f3fff",
    "colorTo": "3f3f3faa"
    },
    {
    "type": "WaveEffect",
    "lifetime": 160,
    "sizeFrom": 0,
    "sizeTo": 160,
    "interp": "pow5Out",
    "lightColor": "FF5845FF",
    "strokeFrom": 10,
    "strokeTo": 0,
    "colorFrom": "FF5845FF",
    "colorTo": "FF5845FF"
    },
    {
    "type": "WaveEffect",
    "lifetime": 300,
    "sizeFrom": 0,
    "sizeTo": 200,
    "interp": "pow10Out",
    "lightColor": "FF5845FF",
    "strokeFrom": 15,
    "strokeTo": 0,
    "colorFrom": "FF5845FF",
    "colorTo": "FF5845FF"
    },
    {
    "type": "ParticleEffect",
    "particles": 35,
    "line": true,
    "lifetime": 200,
    "length": 450,
    "interp": "pow10Out",
    "lightColor": "FF5845FF",
    "lenFrom": 25,
    "lenTo": 25,
    "strokeFrom": 10,
    "strokeTo": 0,
    "colorTo": "FF5845FF"
    },
    {
    "type": "ParticleEffect",
    "particles": 35,
    "line": true,
    "lifetime": 180,
    "length": 450,
    "interp": "pow5Out",
    "lightColor": "FF5845FF",
    "lenFrom": 25,
    "lenTo": 25,
    "strokeFrom": 15,
    "strokeTo": 0,
    "colorTo": "FF5845FF"
    },
    {
    "type": "ParticleEffect",
    "particles": 1,
    "sizeFrom": 200,
    "sizeTo": 0,
    "length": 0,
    "lightColor": "FF5845FF",
    "interp": "swingIn",
    "spin": -5,
    "region": "exogenesis-raydouble",
    "lifetime": 200,
    "colorFrom": "FF5845FF",
    "colorTo": "FF5845FF" 
    },
    {
    "type": "ParticleEffect",
    "particles": 1,
    "sizeFrom": 200,
    "sizeTo": 0,
    "length": 0,
    "lightColor": "FF5845FF",
    "interp": "swingIn",
    "spin": -5,
    "region": "exogenesis-raydouble",
    "lifetime": 200,
    "colorFrom": "FF5845FF",
    "colorTo": "FF5845FF" 
    },
    {
    "type": "ParticleEffect",
    "particles": 1,
    "sizeFrom": 200,
    "sizeTo": 0,
    "length": 0,
    "lightColor": "FF5845FF",
    "interp": "swingIn",
    "spin": 5,
    "region": "exogenesis-raydouble",
    "lifetime": 200,
    "colorFrom": "FF5845FF",
    "colorTo": "FF5845FF" 
    },
    {
    "type": "ParticleEffect",
    "particles": 1,
    "sizeFrom": 200,
    "sizeTo": 0,
    "length": 0,
    "lightColor": "FF5845FF",
    "interp": "swingIn",
    "spin": 5,
    "region": "exogenesis-raydouble",
    "lifetime": 200,
    "colorFrom": "FF5845FF",
    "colorTo": "FF5845FF" 
    },
    {
    "type": "ParticleEffect",
    "particles": 1,
    "sizeFrom": 250,
    "sizeTo": 0,
    "length": 0,
    "lightColor": "FF5845FF",
    "interp": "swingIn",
    "baseRotation": 45,
    "region": "exogenesis-raydouble",
    "lifetime": 200,
    "colorFrom": "FF5845FF",
    "colorTo": "FF5845FF"   
    },
    {
    "type": "ParticleEffect",
    "particles": 1,
    "sizeFrom": 250,
    "sizeTo": 0,
    "length": 0,
    "lightColor": "FF5845FF",
    "interp": "swingIn",
    "baseRotation": 45,
    "region": "exogenesis-raydouble",
    "lifetime": 200,
    "colorFrom": "FF5845FF",
    "colorTo": "FF5845FF"   
    },
    {
    "type": "ParticleEffect",
    "particles": 1,
    "sizeFrom": 44,
    "sizeTo": 0,
    "length": 0,
    "lightColor": "FF5845FF",
    "interp": "swingIn",
    "lifetime": 200,
    "colorFrom": "FF5845FF",
    "colorTo": "FF5845FF"
    },
    {
    "type": "ParticleEffect",
    "particles": 1,
    "sizeFrom": 38,
    "sizeTo": 0,
    "interp": "swingIn",
    "length": 0,
    "lifetime": 200,
    "colorFrom": "FFC1BBFF",
    "colorTo": "FFC1BBFF"
    },
    {
    "type": "ParticleEffect",
    "particles": 1,
    "sizeFrom": 32,
    "sizeTo": 0,
    "interp": "swingIn",
    "length": 0,
    "lifetime": 200,
    "colorFrom": "FFFFFFF",
    "colorTo": "FFFFFFF"
    }
  ] 
}
}
