{
  "type": "ConsumeGenerator",
  "itemDuration": 240,
  "size": 2,
  "hasLiquids": false,
  "powerProduction": 2,
  "warmupSpeed": 0.005,
  "drawer": [
    {
      "type": "DrawDefault"
    },
    {
      "type": "DrawWarmupRegion"
    },
    {
      "type": "DrawRegion",
      "suffix": "-rot",
      "rotateSpeed": 5
    },
    {
      "type": "DrawRegion",
      "suffix": "-rot",
      "rotateSpeed": -5,
      "rotation": 45
    },
    {
      "type": "DrawRegion",
      "suffix": "-cap"
    },
  ],
  "consumes": {
    "items": [
      "coal/1",
    ],
  },
  "category": "power",
  "ambientSound": "Power/coalBurner",
  "ambientSoundVolume": 0.1,
  "research": "combustionGenerator",
  "requirements": [
    "copper/30",
    "lead/15",
    "graphite/5"
  ]
}
