{
	"type": "Drill",
    "name": "Demon Drill",
	"size": 4,
	"tier": 14,
    "updateEffectChance": 0.2,
	"hasLiquids": true,
    "heatColor": "FFFFFFFF",
    "category": "production",
	"research": "blast-drill",
    "hardnessDrillMultiplier": 10,
	"liquidCapacity": 25,
	"expanded": true,
	"rotateSpeed": 8,
	"drillTime": 60,
	"liquidBoostIntensity": 1.5,
	"drawRim": true,
    "itemCapacity": 50,
	"warmupSpeed": 0.004,
	"updateEffect": {
        "type": "ParticleEffect",
        "line": true,
        "particles": 5,
        "lifetime": 20,
        "length": 35,
        "cone": -360,
        "strokeFrom": 2,
        "lenFrom": 4,
        "lenTo": 0,
        "colorFrom": "FF1E00FF",
        "colorTo": "FFBF00FF"
	},
	"consumes": {
		"power": 7,
		"liquid": {
			"liquid": "water",
			"amount": 0.31,
			"booster": true,
			"optional": true
		}
	},
	"requirements": [
        "infused-vulcanite/100",
        "plastanium/150",
        "lead/200"
	]
}