{
	"type": "Reconstructor",
	"size": 9,
	"constructTime": 2000,
	"consumes": {
		"power": 22,
		"items": {
			"items": [
				{"item": "osmium", "amount": 890},
				{"item": "thorium", "amount": 850},
				{"item": "surge-alloy", "amount": 920},
				{"item": "silicon", "amount": 1920},
				{"item": "plastanium", "amount": 1380}
			]
		}
	},
	"requirements": [
		{"item": "thorium", "amount": 850},
		{"item": "plastanium", "amount": 680},
	    {"item": "titanium", "amount": 750},
		{"item": "silicon", "amount": 1200},
		{"item": "surge-alloy", "amount": 1280}
	],
	"upgrades": [
		["b04-oort", "b05-sirius"],
		["b04-vega", "b05-centauri"],
		["radiative", "core"],
		["lava", "eruption"],
		["urtica", "thymus"],
		["combat", "hostile"],
		["disagreement", "disaccord"]
	],
	"category": "units",
	"research": "mass-reconstructor"
}
