{
	"type": "Reconstructor",
	"size": 7,
	"constructTime": 1500,
	"consumes": {
		"power": 18,
		"items": {
			"items": [
				{"item": "silicon", "amount": 980},
                {"item": "osmium", "amount": 700},
				{"item": "plastanium", "amount": 820},
				{"item": "titanium", "amount": 780}
			]
		}
	},
	"requirements": [
		{"item": "lead", "amount": 850},
		{"item": "plastanium", "amount": 580},
	    {"item": "osmium", "amount": 650},
		{"item": "silicon", "amount": 480},
		{"item": "thorium", "amount": 380}
	],
	"upgrades": [
		["b03-kuiper", "b04-oort"],
		["b03-kentaurus", "b04-vega"],
		["photosphere", "radiative"],
		["magma", "lava"],
		["aster", "urtica"],
		["strife", "combat"],
		["debate", "disagreement"]
	],
	"category": "units",
	"research": "multi-reconstructor"
}
