{
	"type": "Reconstructor",
	"size": 14,
	"constructTime": 8000,
	"liquidCapacity": 380,
	"consumes": {
		"power": 38,
		"items": {
			"items": [
        "silicon/2800",
        "surge-alloy/2700",
        "phase-fabric/1560",
        "voltirium-alloy/1000",
        "thorium/4000",
        "graphite/3800",
        "plastanium/3100",
        "titanium/2980"
			]
		}
	},
	"requirements": [
        "silicon/3800",
        "surge-alloy/1650",
        "metaglass/1700",
        "thorium/3000",
        "lead/5400",
        "voltirium-alloy/2000",
        "plastanium/2800",
        "phase-fabric/980"
	],
	"upgrades": [
        ["twilight", "nadir"],
        ["anvil", "fornax"],
        ["mariana", "magnapinna"],
        ["toxicity", "xenoct"],
	["hex", "colossus"],
	["orca", "balaenoptera"],
        ["stella", "virgo"]
	],
	"category": "units",
	"research": "advancer-reconstructor"
}
