    {
"localizedName": "Hydrogen burn",
"effectChance": 0.5,
"damage": 0.967,
"transitionDamage": 11,
"colors": ["5040d290", "6a72f6aa", "7ba2f6", "a9d4f6", "f3faff"],
"affinities": [ "blasted", "burning", "exogenesis-molten1"],
"effect": {
"type": "MultiEffect",
"effects": [
{     
"type": "ParticleEffect",
"particles": 5,
"offset": 30,
"sizeFrom": 1.3,
"sizeTo": 0,
"interp": "pow3In",
"sizeInterp": "pow5Out",
"length": 70,
"lifetime": 20,
"colorFrom": "a9d4f6",
"colorTo": "6a72f6",
"cone": 360
},
{     
"type": "ParticleEffect",
"particles": 3,
"offset": 30,
"sizeFrom": 2,
"sizeTo": 0,
"interp": "pow3In",
"sizeInterp": "pow5Out",
"length": 60,
"lifetime": 30,
"colorFrom": "a9d4f6",
"colorTo": "6a72f6",
"cone": 360
},
{     
"type": "ParticleEffect",
"particles": 2,
"offset": 30,
"sizeFrom": 3,
"sizeTo": 0,
"interp": "pow3In",
"sizeInterp": "pow5Out",
"length": 50,
"lifetime": 40,
"colorFrom": "a9d4f6",
"colorTo": "6a72f6",
"cone": 360
}
]
}
}
