{
    "name": "system-crash",
    "effect": {
    "type": "ParticleEffect",
    "line": true,
    "particles": 6,
    "offset": 5,
    "lifetime": 22,
    "length": 35,
    "cone": -360,
    "lenFrom": 5,
    "lenTo": 0,
    "colorFrom": "f3e979",
    "colorTo": "D99F6BFF"   
    },
    "affinities": ["electrified", "shocked"],
    "transitionDamage": 3,
    "disarm": true,
    "healthMultiplier": 0.9,
    "damageMultiplier": 0.0001,
    "buildSpeedMultiplier": 0.0001,
    "speedMultiplier": 0.0001
}