{    
    "type": "ForceProjector",
    "researchCostMultiplier": 0.5,
    "health": 3800,
    "shieldHealth": 58000,
    "size": 7,
    "liquidCapacity": 30,
    "itemCapacity": 30,
    "hasPower": true,
    "canOverdrive": true,
    "phaseUseTime": 370,
    "phaseShieldBoost": 10000,
    "phaseRadiusBoost": 100,
    "solid": true,
    "radius": 270,
    "cooldownNormal": 2.86,
    "cooldownLiquid": 2.1,
    "cooldownBrokenBase": 3.57,
    "consumes": {
      "power": 36,
      "items": {
        "items": [
          "omega-blue/3",
          "terrilium/10"
        ],
        "booster": true,
    	  "optional": true
      }
    },
    "requirements": [
        "omega-blue/700",
        "terrilium/730",
        "stellar-steel/600",
        "silicon/1230",
        "graphite/830"
    ],
    "category": "effect",
    "research": "team-genesux"
}
