{
    "type": "ItemTurret",
    "name": "[MG] Kavtashka MKI",
    "description": "Designed by Kalyona Industriya. A powerful machine gun to protect the buildings.",
    "health": 300,
    "size": 2,
    "reload": 10,
    "inaccuracy": 2,
    "shootSound": "Turrets/KavtashkaMKI",
    "range": 175,
    "shots": 1,
    "rotateSpeed": 15,
    "ammoTypes": {
        "copper": {
          "speed": 8,
          "damage": 10,
          "width": 2,
          "height": 9,
          "shootEffect": "shootSmall",
          "smokeEffect": "shootSmallSmoke",
          "lifetime": 60,
          "hitSound": "Hits/hitMG"
        },
        "lead": {
            "speed": 10,
            "damage": 12,
            "width": 3,
            "height": 10,
            "shootEffect": "shootSmall",
            "smokeEffect": "shootSmallSmoke",
            "lifetime": 60,
            "hitSound": "Hits/hitMG"
        },
        "graphite": {
            "speed": 12,
            "damage": 15,
            "width": 2,
            "height": 10,
            "shootEffect": "shootSmall",
            "smokeEffect": "shootSmallSmoke",
            "lifetime": 60,
            "hitSound": "Hits/hitMG"
        }
    },
    "category": "turret",
    "research": "Schmitrovland",
    "requirements": [    
        "copper/35",
        "lead/5"
    ]
}
