{
    "type": "ItemTurret",
    "name": "[MG] Kavtashka MKIII",
    "description": "Ultimate version, which have a longer range and damage. Also can shoot faster(Gotta go BRRRRRR).",
    "health": 450,
    "size": 2,
    "reload": 3,
    "inaccuracy": 1,
    "shootSound": "Turrets/KavtashkaMKIII",
    "range": 225,
    "shots": 1,
    "rotateSpeed": 20,
    "ammoTypes": {
        "copper": {
          "speed": 8,
          "damage": 18,
          "width": 2,
          "height": 9,
          "shootEffect": "shootSmall",
          "smokeEffect": "shootSmallSmoke",
          "lifetime": 60,
          "hitSound": "Hits/hitMG"
        },
        "lead": {
            "speed": 10,
            "damage": 24,
            "width": 3,
            "height": 10,
            "shootEffect": "shootSmall",
            "smokeEffect": "shootSmallSmoke",
            "lifetime": 60,
            "hitSound": "Hits/hitMG"
        },
        "graphite": {
            "speed": 12,
            "damage": 30,
            "width": 2,
            "height": 10,
            "shootEffect": "shootSmall",
            "smokeEffect": "shootSmallSmoke",
            "lifetime": 60,
            "hitSound": "Hits/hitMG"
        }
    },
    "category": "turret",
    "research": "KavtashkaMKII",
    "requirements": [    
        "copper/45",
        "lead/15",
        "graphite/5"
    ]
}
