{
    "type": "ItemTurret",
    "name": "[MG] Kavtashka MKIV",
    "description": "Special version, which  can shoot REAQLLY fast(BRRRRRR).",
    "health": 500,
    "size": 2,
    "reload": 0,
    "inaccuracy": 2,
    "shootSound": "Turrets/KavtashkaMKIV_raw",
    "range": 225,
    "shots": 1,
    "maxAmmo": 6000,
    "rotateSpeed": 20,
    "ammoTypes": {
        "copper": {
          "speed": 8,
          "damage": 45,
          "width": 2,
          "height": 9,
          "shootEffect": "shootSmall",
          "smokeEffect": "shootSmallSmoke",
          "lifetime": 60,
          "hitSound": "Hits/hitMinigun",
          "ammoMultiplier": 100
        },
        "lead": {
            "speed": 10,
            "damage": 55,
            "width": 3,
            "height": 10,
            "shootEffect": "shootSmall",
            "smokeEffect": "shootSmallSmoke",
            "lifetime": 60,
            "hitSound": "Hits/hitMinigun",
            "ammoMultiplier": 100
        },
        "graphite": {
            "speed": 12,
            "damage": 85,
            "width": 2,
            "height": 10,
            "shootEffect": "shootSmall",
            "smokeEffect": "shootSmallSmoke",
            "lifetime": 60,
            "hitSound": "Hits/hitMinigun",
            "ammoMultiplier": 100
        }
    },
    "category": "turret",
    "research": "KavtashkaMKIII",
    "requirements": [    
        "copper/45",
        "lead/35",
        "graphite/15"
    ]
}
