{
    "type": "ItemTurret",
    "name": "[MG] Kavtashka MKII",
    "description": "Improved version, which have a longer range and damage. Also can shoot faster.",
    "health": 350,
    "size": 2,
    "reload": 6,
    "inaccuracy": 3,
    "shootSound": "Turrets/KavtashkaMKII",
    "range": 200,
    "shots": 1,
    "rotateSpeed": 16,
    "ammoTypes": {
        "copper": {
          "speed": 8,
          "damage": 10,
          "width": 2,
          "height": 9,
          "shootEffect": "shootSmall",
          "smokeEffect": "shootSmallSmoke",
          "lifetime": 60,
          "hitSound": "Hits/hitMG"
        },
        "lead": {
            "speed": 10,
            "damage": 14,
            "width": 3,
            "height": 10,
            "shootEffect": "shootSmall",
            "smokeEffect": "shootSmallSmoke",
            "lifetime": 60,
            "hitSound": "Hits/hitMG"
        },
        "graphite": {
            "speed": 12,
            "damage": 18,
            "width": 2,
            "height": 10,
            "shootEffect": "shootSmall",
            "smokeEffect": "shootSmallSmoke",
            "lifetime": 60,
            "hitSound": "Hits/hitMG"
        }
    },
    "category": "turret",
    "research": "KavtashkaMKI",
    "requirements": [    
        "copper/45",
        "lead/15"
    ]
}
