{	
        "type": "GenericCrafter",
        "drawer": {
	"type": "DrawMulti",
        "drawers": [
        {
        "type": "DrawDefault"
        },
        {
        "type": "DrawFlame"
	}
        ]
        },
	"size": 4,
	"hasPower": true,
	"hasItems": true,
	"itemCapacity": 20,
	"craftTime": 120,
	"craftEffect": "smeltsmoke",
	"updateEffect": "none",
	"consumes": {
		"power": 1,
		"items": [
               "silicon/9",
               "titanium/6",
               "copper/8",
               "lead/8"
			]
	},
	"requirements": [
        "surge-alloy/300",
        "plastanium/230",
        "titanium/320",
        "silicon/230",
        "lead/330"
	],
	"category": "crafting",
	"research": "alloy-smelter",
	"outputItem": "surge-alloy/6"
}
