{	
	"type": "GenericCrafter",
	 "researchCostMultiplier": 0.5,
		"drawer": {
	"type": "DrawMulti",
        "drawers": [
      {
     "type": "DrawRegion",
       "suffix": "-bottom"
        },
        {
     "type": "DrawParticles",
    "color": "66B1FFFF",
    "alpha": 0.4,
     "blending": "additive",
     "particleSize": 5,
    "particleRad": 8,
    "particles": 36,
    "fadeMargin": 1,
    "rotateScl": 4,
    "particleLife": 50
	  },
        {
        "type": "DrawDefault"
        }, 
     {
 "type": "DrawGlowRegion",
 "suffix": "-glow",
  "color": "66B1FFFF"
	  }
    ]
    },
	"size": 3,
	"hasPower": true,
	"hasLiquids": false,
	"hasItems": true,
	"itemCapacity": 30,
	"craftTime": 80,
	"craftEffect": "none",
	"updateEffect": "none",
	"consumes": {
	"power": 8,
        "liquids": ["hydrogen/1"],
	"items": ["astrolite/2"]
	},
	"requirements": [
	"silicon/100",
	"stellar-steel/160",
	"osmium/140",
	"terrilium/160",
        "urbium/440"
	],
	"envRequired": 0,
	"category": "crafting",
	"research": "b-silicon-kiln",
	"outputItem": "omega-blue/2"
}












