{
"type": "GenericCrafter",
	 "researchCostMultiplier": 0.5,
 "localizedName": "cold plasmic splitter",
 "description": "Splits cold plasma into hydrogen",	
"size": 3,
"craftTime": 80,
"hasPower": true,
"hasLiquids": true,
"liquidCapacity": 100,
	"drawer": {
	"type": "DrawMulti",
        "drawers": [
        {
        "type": "DrawRegion",
       "suffix": "-bottom"
	 },
        {
        "type": "DrawLiquidTile",
        "drawLiquid": "cold-plasma",
        "suffix": "-liquid"
        },
        {
        "type": "DrawDefault"
	  }
    ]
    },
"outputLiquids": ["hydrogen/0.2"],
"consumes": {
  "power": 6,
    "liquids": [
    "cold-plasma/0.2"
    ]
},
"requirements": [
  "lead/100",
  "silicon/100",
  "stellar-steel/80",
  "astrolite/60"
],
"envRequired": 0,	
"category": "crafting",
"research": "b-cold-plasma-chamber"
}
