{
  "type": "GenericCrafter",
  "health": 5,
  "size": 3 ,
  "hasItems": true,
  "craftTime": 140,
  "craftEffect": {
   "type": "multiEffect",
    "effects": [
    {
    "type": "ParticleEffect",
    "particles": 1,
    "sizeFrom": 15,
    "sizeTo": 0,
    "length": 0,
    "lightColor": "66B1FFFF",
    "lifetime": 40,
    "layer": 109,
    "region": "exogenesis-star",
    "colorFrom": "FFFFFFF",
    "colorTo": "FFFFFFF"
    },
    {
    "type": "ParticleEffect",
    "particles": 1,
    "sizeFrom": 30,
    "sizeTo": 0,
    "length": 0,
    "lightColor": "66B1FFFF",
    "lifetime": 40,
    "layer": 109,
    "region": "exogenesis-star",
    "colorFrom": "A9D8FFFF",
    "colorTo": "66B1FFFF"
    },
    {
    "type": "ParticleEffect",
    "line": true,
    "particles": 17,
    "offset": 20,
    "interp": "circleOut",
    "sizeInterp": "pow5In",
    "lifetime": 30,
    "length": 50,
    "cone": -360,
    "strokeFrom": 2,
    "strokeTo": 0,
    "lenFrom": 6,
    "lenTo": 0,
    "colorFrom": "A9D8FFFF",
    "colorTo": "66B1FFFF"
    },
    {
    "type": "WaveEffect",
    "lifetime": 60,
    "sizeFrom": 0,
    "sizeTo": 26,
    "strokeFrom": 3.5,
    "strokeTo": 0,
    "colorFrom": "A9D8FFFF",
    "colorTo": "66B1FFFF"
    }
  ]
  },
"drawer": {
   "type": "DrawMulti",
        "drawers": [
      {
        "type": "DrawDefault"
        },
        {
  "type": "DrawFlame",
  "flameColor": "A9D8FFFF"
    }
  ]
  },
  "hasPower": true,
  "hasLiquids": false,
  "updateEffect": "none",
  "ambientSound": "smelter",
  "ambientSoundVolume": 0.07,
  "consumes": {
  "power": 4.65,
  "items": {
    "items": [
      "astrolite/3",
      "sand/4"
    ]
   }
  },
  "requirements": [
    "lead/140",
    "graphite/80",
    "terrilium/40",
    "stellar-steel/140",
    "silicon/80"
  ],
  "category": "crafting",
  "research": "b-silicon-oven",
  "outputItem": "silicon/6"
}
