{	
	"type": "GenericCrafter",
        "localizedName": "Blast compressor",
	"size": 4,
	"hasPower": true,
	"hasLiquids": false,
	"hasItems": true,
	"craftTime": 100,
	"itemCapacity": 30,
	"craftEffect": "blastsmoke",
	"updateEffect": "smeltsmoke",
	"updateEffectChance": 0.05,
	"consumes": {
		"power": 2,
		"items": {
		"items": [
               "pyratite/4",
               "blast-compound/4",
               "coal/1"
		]
		}
	},
	"requirements": [
		{"item": "silicon", "amount": 130},
		{"item": "lead", "amount": 230},
		{"item": "titanium", "amount": 360},
		{"item": "graphite", "amount": 180}
	],
	"category": "crafting",
	"research": "blast-mixer",
	"outputItem": "azuid-azide/4"
}
