{
    "localizedName": "Giga-plex Sifter",
    "description": "A massive separator, which sifts through large amounts of slag pulling out many materials, such as osmium, thorium, urbium and dytrix.",
	"type": "Separator",
	"size": 9,
    "liquidCapacity": 300,
	"spinnerSpeed": 4,
	"craftTime": 4,
	"hasItems": true,
	"hasLiquids": true,
	"hasPower": true,
	"consumes": {
		"power": 12,
		"liquids": [
     "slag/0.5"
		]
	},
	"requirements": [
  "graphite/400",
  "silicon/600",
  "osmium/600",
  "thorium/400",
  "titanium/800"
	],
	"category": "crafting",
	"research": "gigaton-forge",
	"envRequired": 0,
	"results": [
  "lead/3",
  "copper/3",
  "osmium/1",
  "graphite/2",
  "titanium/1",
  "urbium/1",
  "thorium/2",
  "dytrix/2"
	]
}


