{	
    "researchCostMultiplier": 0.1,
    "type": "GenericCrafter",
     "drawer": {
   "type": "DrawMulti",
        "drawers": [
         {
        "type": "DrawDefault"
        },
        {
	"type": "DrawFlame",
	"flameColor": "ffc099"
}
]
	},
	"size": 2,
	"hasPower": true,
	"hasItems": true,
	"itemCapacity": 10,
	"craftTime": 40,
	"craftEffect": "smeltsmoke",
	"updateEffect": "none",
	"consumes": {
		"power": 1,
		"items": {
	       "items": [
               "beryllium/1",
               "graphite/2"
			]
		}
	},
	"requirements": [
        "beryllium/50",
        "graphite/70"
	],
	"category": "crafting",
	"research": "graphite-press",
	"outputItem": "volcanite/2"
}
