{
    "type": "GenericCrafter",
	"drawer": {
	"type": "DrawSmelter",
	"flameColor": "88a4ff"
	},
	"health": 360,
	"liquidCapacity": 60,
	"size": 3,
	"hasPower": true,
	"hasLiquids": true,
	"hasItems": true,
	"itemCapacity": 60,
	"craftTime": 85,
	"craftEffect": "none",
	"updateEffect": "hitMeltdown",
	"consumes": {
	"power": 2,
	"items": {
	"items": [
	{"item": "thorium", "amount": 10},
	{"item": "titanium", "amount": 5},
	{"item": "silicon", "amount": 5}
	]
	},
	"liquid": {
	"liquid": "water",
	"amount": 0.2
	}
	},
	
	"outputItem": {
	"item": "jupiteium",
	"amount": 6
	},
	
	"requirements": [
		{"item": "silicon", "amount": 160},
		{"item": "titanium", "amount": 160},
		{"item": "thorium", "amount": 140},
		{"item": "graphite", "amount": 360}
	],
	"category": "crafting",
	"research": "silicon-smelter"
}
