{	
    "type": "GenericCrafter",
           "drawer": {
         "type": "DrawMulti",
        "drawers": [
          {
        "type": "DrawDefualt"
        }
        {
	"type": "DrawFlame"
	"flameColor": "BF92F9FF"
       }
        ]
	},
	"size": 3,
	"hasPower": true,
	"hasItems": true,
	"itemCapacity": 20,
	"craftTime": 80,
	"craftEffect": "sapExplosion",
	"updateEffect": "none",
	"consumes": {
		"power": 2,
		"items": {
			"items": [
			 "thorium/6",
			 "pyratite/3"
			]
		}
	},
	"requirements": [
    "silicon/500",
    "titanium/400",
    "copper/900",
    "plastanium/250",
    "thorium/300"
	],
	"category": "crafting",
	"research": "silicon-crucible",
	"outputItems": [
	"titanium/2",
	"xytranite/1"
	]
}
