{	
    "type": "HeatCrafter",
	"drawer": {
	"type": "DrawMulti",
        "drawers": [
      {
     "type": "DrawRegion",
       "suffix": "-bottom"
        },
        {
     "type": "DrawParticles",
    "color": "f25555",
    "alpha": 0.4,
     "blending": "additive",
     "particleSize": 3,
    "particleRad": 6,
    "particles": 8,
    "fadeMargin": 1,
    "rotateScl": 4,
    "particleLife": 30
       },
       {
        "type": "DrawPlasma",
    "suffix": "-plasma-",
	"plasma1": "F66332FF",
	"plasma2": "f25555"
	 },
    {
       "type": "DrawDefault"
	}
        ]
        },
	"size": 3,
	"hasPower": true,
	"hasLiquids": false,
	"hasItems": true,
	"itemCapacity": 20,
        "heatRequirement": 15,
	"craftTime": 150,
	"craftEffect": "none",
	"updateEffect": "none",
	"consumes": {
		"power": 2,
		"items": {
			"items": [
		        "silicon/1",
			"tungsten/2",
			"volcanite/1"
			]
		}
	},
	"requirements": [
		{"item": "silicon", "amount": 120},
		{"item": "volcanite", "amount": 80},
		{"item": "tungsten", "amount": 80},
		{"item": "oxide", "amount": 80}
	],
	"category": "crafting",
	"research": "alloy-smelter",
	"outputItem": {
		"item": "primal-red",
		"amount": 2
	}
}
