{
    "rotateSpeed": 1.3,
    "research": {
    "parent": "contention",
    "requirements": [
    "oltuxium/1220",
    "surge-alloy/1000",
    "plastanium/940",
    "alpha-yellow/1000",
    "osmium/1240",
    "silicon/1300"
    ]
    },
    "lightRadius": 230,
    "speed": 0.5,
    "accel": 0.4,
    "drag": 0.4,
    "faceTarget": true,
    "flying": true,
    "health": 154080,
    "hitSize": 100,
    "armor": 50,
    "engineOffset": 54,
    "engineSize": 6,
  "engineColor": "F3E979FF",
    "lowAltitude": true,
    "targetAir": true,
	"weapons": [
	   {
	"name": "big-shock-artillery",
    "x": 38,
    "y": 25,
    "shootY": 11,
    "rotateSpeed": 1.6,
    "reload": 45,
    "recoil": 3,
   "shoot": {
    "shots": 4,
   },
    "velocityRnd": 0.34,
    "inaccuracy": 8,
    "shootSound": "artillery",
    "rotate": true,
    "bullet": {
    "type": "ArtilleryBulletType",
    "width": 16,
    "height": 16,
    "collidesTiles": true,
    "collidesAir": true,
    "collidesGround": true,
    "damage": 58,
    "splashDamage": 156,
    "splashDamageRadius": 30,
    "statusDuration": 300,
	"lightning": 4,
    "lightningLength": 10,
    "lightningLengthRand": 6,
    "lightningDamage": 20,
    "lightColor": "F3E979FF",
    "lightningColor": "F3E979FF",
    "speed": 5.5,
    "lifetime": 78,
    "frontColor": "FFFFFF",
    "backColor": "F3E979FF",
    "hitEffect": {
    "type": "multiEffect",
    "effects": [
    {
    "type": "ParticleEffect",
    "particles": 8,
    "length": 60,
    "lifetime": 46,
    "interp": "circleOut",
    "cone": 360,
    "colorFrom": "F3E979FF",
    "colorTo": "D99F6BFF",
    "sizeFrom": 5,
    "sizeTo": 0
    },
    {
    "type": "WaveEffect",
    "lifetime": 15,
    "sizeFrom": 0,
    "sizeTo": 45,
    "strokeFrom": 4,
    "strokeTo": 0,
    "colorFrom": "F3E979FF",
    "colorTo": "D99F6BFF"
    } 
    ]
    },
    "despawnEffect": {
    "type": "multiEffect",
    "effects": [
    {
    "type": "ParticleEffect",
    "particles": 8,
    "length": 60,
    "lifetime": 46,
    "interp": "circleOut",
    "cone": 360,
    "colorFrom": "F3E979FF",
    "colorTo": "D99F6BFF",
    "sizeFrom": 5,
    "sizeTo": 0
    },
    {
    "type": "WaveEffect",
    "lifetime": 15,
    "sizeFrom": 0,
    "sizeTo": 45,
    "strokeFrom": 4,
    "strokeTo": 0,
    "colorFrom": "F3E979FF",
    "colorTo": "D99F6BFF"
    } 
    ]
    },
    "shootEffect": "shootBig"
    }
	   },
	   {
    "name": "alpha-rocket",
    "shootCone": 25,
    "alternate": false,
    "mirror": false,
    "top": true,
    "x": 0,
    "y": -18,
   "reload": 12,
"shoot": {
"type": "ShootAlternate",
"shots": 1,
"barrels": 3,
 "spread": 3
},
    "recoil": 3,
    "shootY": 2,
    "inaccuracy": 7,
    "xRand": 8,
    "shootSound": "missile",
    "velocityRnd": 0.4,
    "bullet": {
    "keepVelocity": false,
    "type": "MissileBulletType",
    "shootEffect": "shootHealYellow",
    "hitEffect": "blastExplosion",
    "despawnHit": true,     
    "damage": 45,
    "speed": 4,
    "frontColor": "FFFFFF",
    "backColor": "F3E979FF",
    "trailColor": "F3E979FF",
    "lifetime": 70,
  	"homingPower": 1,
	"homingRange": 100,
	"weaveScale": 5,			
	"weaveMag": 2,
    "height": 8,
    "width": 8,
	"splashDamageRadius": 30,
	"splashDamage": 30,			
    "lightning": 3,
    "lightningDamage": 5,
    "lightningLength": 10,
    "lightningCone": 360,
    "lightningLengthRand": 8
    }
  },
  {
    "name": "saturn-cannon",
    "mirror": true,
    "alternate": true,
    "x": 48,
    "y": -8,
    "shootY": 13,
    "rotateSpeed": 1.2,
    "reload": 65,
    "recoil": 4,
    "shootSound": "railgun",
    "rotate": true,
    "bullet": {
    "shootEffect": "shootBig",
    "type": "basicBulletType",
    "damage": 560,
    "width": 19,
    "height": 19,
    "sprite": "exogenesis-peircer",
    "pierceCap": 3,
    "pierce": true,
    "shrinkY": 0,
    "shrinkX": 0,
    "trailColor": "F3E979FF",
    "trailParam": 5,
    "trailEffect": "none",
    "trailLength": 16,
    "trailInterval": 10,
    "trailWidth": 3.7,
    "speed": 5,
    "lifetime": 68,
    "frontColor": "FFFFFF",
    "backColor": "F3E979FF",
    "despawnEffect": {
    "type": "WaveEffect",
    "lifetime": 20,
    "sizeFrom": 0,
    "sizeTo": 30,
    "strokeFrom": 4,
    "strokeTo": 0,
    "colorFrom": "D99F6BFF",
    "colorTo": "F3E979FF"
    },
    "hitEffect": {
    "type": "ParticleEffect",
    "line": true,
    "particles": 7,
    "lifetime": 6,
    "length": 35,
    "cone": -60,
    "lenFrom": 14,
    "lenTo": 0,
    "colorFrom": "F3E979FF",
    "colorTo": "D99F6BFF"
    },
    "fragBullets": 5,
	"fragBullet": {
    "type": "BasicBulletType",
    "sprite": "exogenesis-peircer",
    "speed": 5,
    "trailColor": "F3E979FF",
    "trailParam": 5,
    "trailEffect": "none",
    "trailLength": 16,
    "trailInterval": 13,
    "trailWidth": 3,
    "lifetime": 120,
    "damage": 200,
    "homingRange": 200,
    "homingPower": 0.0687,
    "height": 12,
    "width": 12,
    "hitEffect": "absorb",
    "despawnEffect": "absorb",
    "pierce": true,
    "frontColor": "FFFFFF",
    "backColor": "F3E979FF"
    }
    }
  },
  {
  "name": "giga-emp-weapon",
  "x": 0,
  "y": 0,
  "mirror": false,
  "top": false,
  "shake": 4,
  "shootY": 57,
  "reload": 1500,
  "cooldownTime": 1500,
  "heatColor": "FFFFFF",
  "shootStatusDuration": 130,
  "shootStatus": "unmoving",
"shoot": {
 "firstShotDelay": 120
},
  "soundPitchMin": 1,
  "chargeSound": "lasercharge",
    "shootSound": "ascends",
    "bullet": {
    "type": "EmpBulletType",
    "chargeEffect": {
    "type": "multiEffect",
    "lifetime": 120,
    "effects": [
    {
    "type": "ParticleEffect",
    "particles": 1,
    "sizeFrom": 1,
    "sizeTo": 17,
    "length": 0,
    "lifetime": 125,
    "colorFrom": "F3E979FF",
    "colorTo": "F3E979FF",
    "cone": 360
    },
    {
    "type": "WaveEffect",
    "lifetime": 120,
    "sizeFrom": 0,
    "sizeTo": 70,
    "strokeFrom": 7,
    "strokeTo": 0,
    "colorFrom": "D99F6BFF",
    "colorTo": "F3E979FF"
    },
    {
    "type": "ParticleEffect",
    "particles": 1,
    "sizeFrom": 2,
    "sizeTo": 37,
    "length": 0,
    "spin": 11,
    "lifetime": 125,
    "region": "exogenesis-wide",
    "colorFrom": "D99F6BFF",
    "colorTo": "F3E979FF"
    },
    {
    "type": "ParticleEffect",
    "particles": 1,
    "sizeFrom": 2,
    "sizeTo": 46,
    "length": 0,
    "spin": -11,
    "lifetime": 125,
    "region": "exogenesis-tall",
    "colorFrom": "D99F6BFF",
    "colorTo": "F3E979FF"
	}
    ]
	},
    "lifetime": 170,
    "damage": 2820,
    "width": 40,
    "height": 40,
    "lightRadius": 120,
    "radius": 450,
    "hitUnits": true,
    "hitColor": "F3E979FF",
    "unitDamageScl": 1.3,
    "timeIncrease": 5,
    "timeDuration": 700,
    "powerDamageScl": 1,
    "powerSclDecrease": 0.1,
    "hitPowerEffect": {
    "type": "ParticleEffect",
    "line": true,
    "particles": 1,
    "lifetime": 22,
    "length": 35,
    "cone": -360,
    "lenFrom": 30,
    "lenTo": 0,
    "colorFrom": "f3e979",
    "colorTo": "D99F6BFF"
    },
    "applyEffect": {
    "type": "WaveEffect",
    "lifetime": 25,
    "sizeFrom": 0,
    "sizeTo": 5,
    "strokeFrom": 4,
    "strokeTo": 0,
    "colorFrom": "f3e979",
    "colorTo": "D99F6BFF"
    },
    "hitEffect": {
    "type": "multiEffect",
    "effects": [
    {
    "type": "ParticleEffect",
    "particles": 1,
    "sizeFrom": 25,
    "sizeTo": 0,
    "length": 0,
    "lifetime": 45,
    "colorFrom": "F3E979FF",
    "colorTo": "F3E979FF",
    "cone": 360
    },
    {
    "type": "ParticleEffect",
    "particles": 1,
    "sizeFrom": 47,
    "sizeTo": 2,
    "length": 0,
    "spin": 9,
    "lifetime": 40,
    "region": "exogenesis-wide",
    "colorFrom": "F3E979FF",
    "colorTo": "D99F6BFF"
    },
    {
    "type": "ParticleEffect",
    "particles": 1,
    "sizeFrom": 47,
    "sizeTo": 2,
    "length": 0,
    "spin": -9,
    "lifetime": 40,
    "region": "exogenesis-tall",
    "colorFrom": "F3E979FF",
    "colorTo": "D99F6BFF"
    },
    {
    "type": "WaveEffect",
    "lifetime": 50,
    "sizeFrom": 0,
    "sizeTo": 155,
    "strokeFrom": 6,
    "strokeTo": 0,
    "colorFrom": "F3E979FF",
    "colorTo": "D99F6BFF"
    },
    {
    "type": "WaveEffect",
    "lifetime": 50,
    "sizeFrom": 450,
    "sizeTo": 450,
    "strokeFrom": 7,
    "strokeTo": 0,
    "colorFrom": "F3E979FF",
    "colorTo": "D99F6BFF"
    }
    ]
    },
    "despawnEffect": {
    "type": "multiEffect",
    "effects": [
    {
    "type": "ParticleEffect",
    "particles": 1,
    "sizeFrom": 25,
    "sizeTo": 0,
    "length": 0,
    "lifetime": 45,
    "colorFrom": "F3E979FF",
    "colorTo": "F3E979FF",
    "cone": 360
    },
    {
    "type": "ParticleEffect",
    "particles": 1,
    "sizeFrom": 47,
    "sizeTo": 2,
    "length": 0,
    "spin": 9,
    "lifetime": 40,
    "region": "exogenesis-wide",
    "colorFrom": "F3E979FF",
    "colorTo": "D99F6BFF"
    },
    {
    "type": "ParticleEffect",
    "particles": 1,
    "sizeFrom": 47,
    "sizeTo": 2,
    "length": 0,
    "spin": -9,
    "lifetime": 40,
    "region": "exogenesis-tall",
    "colorFrom": "F3E979FF",
    "colorTo": "D99F6BFF"
    },
    {
    "type": "WaveEffect",
    "lifetime": 50,
    "sizeFrom": 0,
    "sizeTo": 155,
    "strokeFrom": 6,
    "strokeTo": 0,
    "colorFrom": "F3E979FF",
    "colorTo": "D99F6BFF"
    },
    {
    "type": "WaveEffect",
    "lifetime": 50,
    "sizeFrom": 450,
    "sizeTo": 450,
    "strokeFrom": 7,
    "strokeTo": 0,
    "colorFrom": "F3E979FF",
    "colorTo": "D99F6BFF"
    }
    ]
    },
    "trailColor": "F3E979FF",
    "trailParam": 6,
    "trailEffect": "none",
    "trailLength": 21,
    "trailInterval": 6,
    "trailWidth": 14,
    "speed": 6,
    "shrinkY": 0,
    "shrinkX": 0,
    "splashDamage": 70,
    "splashDamageRadius": 450,
    "hitSound": "shockBoom",
    "frontColor": "FFFFFFF",
    "backColor": "F3E979FF",
    "statusDuration": 180,
    "status": "exogenesis-system-crash",
    "hittable": false,
    "reflectable": true,
    "absorbable": false,
    "sprite": "circle-bullet",
    "homingPower": 0.00425,
    "homingRange": 180
    }
  }
    ],
    "abilities": [
        {
            "type": "mindustry.entities.abilities.ForceFieldAbility",
            "radius": 100,
            "regen": 4,
            "max": 3400,
            "cooldown": 380
            }
        ]
     }
