{
    "research": {
    "parent": "disaccord",
    "requirements": [
    "oltuxium/1220",
    "surge-alloy/1000",
    "plastanium/940",
    "alpha-yellow/850",
    "osmium/1240",
    "silicon/1300"
    ]
    },
        "lightRadius": 200,
        "speed": 0.7,
        "accel": 0.02,
        "drag": 0.018,
        
        "faceTarget": true,
        "flying": true,
        "health": 74000,
        "hitSize": 80,
        "armor": 30,
        "engineOffset": 47,
        
        "engineSize": 7.8,
        "lowAltitude": true,
        "targetAir": true,
       "engineColor": "F3E979FF",
	    "weapons": [
	   {
  "name": "alpha-rocket",
    "shootCone": 25,
    "alternate": false,
    "mirror": false,
    "top": true,
    "x": 0,
    "y": -4,
   "reload": 12,
"shoot": {
"type": "ShootAlternate",
"shots": 1,
"barrels": 3,
 "spread": 3
},
    "recoil": 3,
    "shootY": 2,
    "inaccuracy": 7,
    "xRand": 8,
   
    "shootSound": "missile",
    "velocityRnd": 0.4,
    "bullet": {
    "type": "MissileBulletType",
    "shootEffect": "shootHealYellow",
    "damage": 45,
     "speed": 5,
    "keepVelocity": false,
	   "frontColor": "FFFFFFF",
    "backColor": "F3E979FF",
    "trailColor": "ECD36FFF",
    "lifetime": 70,
  	"homingPower": 1,
	"homingRange": 100,
	"weaveScale": 5,			
	"weaveMag": 2,
    "height": 8,
    "width": 8,
	"splashDamageRadius": 30,
	"splashDamage": 30,			
    "lightning": 4,
    "lightningDamage": 10,
    "lightningLength": 10,
    "lightningCone": 360,
    "lightningLengthRand": 8
    }
  },
  {
    "name": "luminous",
    "mirror": true,
    "alternate": true,
    "x": 22,
    "y": -6,
    "shootY": 2,
    "rotateSpeed": 2,
    "reload": 45,
    "recoil": 4,
    "inaccuracy": 5,
"shoot": {
"type": "ShootPattern",
"shots": 3,
 "shotDelay": 4
},

    "shootSound": "laser",
    "rotate": true,
    "bullet": {
    "type": "BasicBulletType",
    "damage": 160,
    "width": 18,
    "height": 26,
    "sprite": "exogenesis-peircer",
    "pierceCap": 3,
    "pierce": true,
    "shrinkY": 0,
    "shrinkX": 0,
    "homingPower": 0.00786,
	   "homingRange": 60,
    "trailColor": "F3E979FF",
    "trailParam": 5,
    "trailEffect": "none",
    "trailLength": 16,
    "trailInterval": 13,
    "trailWidth": 4.7,
    "status": "shocked",
    "reflectable": false,
    "absorbable": true,
    "statusDuration": 300,
    "speed": 5,
    "lifetime": 68,
    "frontColor": "FFFFFFF",
    "backColor": "F3E979FF",
    "despawnEffect": "absorb",
    "shootEffect": "instBomb"
    }
  },
  {
"name": "contention-weapon",
  "x": 0,
  "y": 0,
  "mirror": false,
  "top": false,
  "shake": 4,
  "shootY": 37,
  "reload": 1200,
  "recoil": 6,
  "soundPitchMin": 0.95,
  "soundPitchMax": 2.05,
    "shootSound": "ascends",
    "bullet": {
    "type": "basicBulletType",
      "lifetime": 130,
      "damage": 1220,
      "width": 35,
      "height": 35,
      "lightRadius": 200,
      "spin": 15,
      "despawnEffect": "instBomb",
      "shootEffect": "shieldWave",
      "hitEffect": "instShoot",
      "trailEffect": "shieldWave",
      "trailChance": 1,
      "speed": 6,
      "shrinkY": 0,
      "shrinkX": 0,
      "drag": 0.002,
      "lightning": 4,
      "lightningDamage": 140,
      "lightningLength": 14,
      "lightningCone": 360,
      "lightningLengthRand": 20,
      "splashDamage": 200,
      "splashDamageRadius": 200,
      "hitSound": "shockBoom",
      "frontColor": "FFFFFFF",
    "backColor": "F3E979FF",
    "status": "exogenesis-division",
      "hittable": false,
      "reflectable": false,
      "absorbable": false,
      "sprite": "circle-bullet",
      "homingPower": 0.0925,
      "homingRange": 180,
      "homingDelay": 55,
            "fragBullets": 10,
			        "fragBullet": {
                "type": "laserBulletType",
                "damage": 760,
                "sideAngle": 20,
                "sideWidth": 1.5,
                "sideLength": 80,
                "width": 10,
                "colors":["ECD36FAA", "F3E979FF", "FFFFFF"],
                "length": 180
                     }
			      }
  }
    ],
    "abilities": [
        {
            "type": "mindustry.entities.abilities.ForceFieldAbility",
            "radius": 70,
            "regen": 8,
            "max": 2700,
            "cooldown": 280
            }
        ]
     }
