{
    "research": {
    "parent": "disagreement",
    "requirements": [
    "oltuxium/820",
    "surge-alloy/700",
    "plastanium/740",
    "lead/940",
    "silicon/1000"
    ]
    },
        "speed": 1.0,
        "accel": 0.02,
        "drag": 0.018,
        "faceTarget": true,
        "flying": true,
        "health": 28400,
        "hitSize": 58,
        "armor": 20,
        "engineOffset": 38,
        
        "engineSize": 7,
        "lowAltitude": true,
      "engineColor": "F3E979FF"
	    "weapons": [
	   {
  "name": "shock-artillery",
    "shootCone": 15,
    "mirror": true,
    "alternate": true,
    "x": 14,
    "reload": 60,
    "recoil": 3,
    "ejectEffect": "casing2",
    "shootSound": "artillery",
    "shake": 2,
    "bullet": {
    "keepVelocity": false,
    "type": "artilleryBulletType",
    "collides": true,
    "damage": 20,
    "collidesTiles": true,
    "collidesAir": true,
    "splashDamageRadius": 24,
    "splashDamage": 55,
    "hitEffect": "instBomb",
    "shootEffect": "shootHealYellow",
    "lightning": 5,
    "lightningDamage": 10,
    "lightningLength": 4,
    "lightningCone": 360,
    "lightningLengthRand": 6,
    "height": 14,
    "width": 14,
    "speed": 4,
    "frontColor": "FFFFFFF",
    "backColor": "F3E979FF",
    "lifetime": 90
    }
  },
  {
    "name": "surge-laser",
    "mirror": true,
    "alternate": true,
    "x": 26,
    "y": -6,
    "shake": 4,
    "shootY": 13,
    "rotateSpeed": 2,
    "reload": 35,
    "recoil": 4,
    "shootSound": "laser",
    "shadow": 20,
    "rotate": true,
    "bullet": {
    "type": "laserBulletType",
      "damage": 150,
      "sideAngle": 20,
      "sideWidth": 1.5,
      "sideLength": 80,
      "width": 25,
      "colors":["ECD36FAA", "F3E979FF", "FFFFFF"],
      "length": 280
    }
  },
  {
"name": "disaccord-weapon",
  "x": 0,
  "y": 0,
  "mirror": false,
  "top": false,
  "shake": 4,
  "shootY": 23,
  "reload": 340,
  "recoil": 0,
  "chargeSound": "lasercharge2",
    "shootSound": "beam",
    "continuous": true,
    "cooldownTime": 250,
    "parentizeEffects": true,
    "shootStatusDuration": 120,
"shoot": {
    "firstShotDelay": 110
},
    "bullet": {
    "type": "ContinuousLaserBulletType",
    "damage": 50,
    "length": 220,
    "width": 5,
    "hitEffect": {
    "type": "ParticleEffect",
    "line": true,
    "particles": 5,
    "lifetime": 80,
    "offset": 50,
    "length": 20,
    "cone": 360,  
    "strokeFrom": 0,
    "strokeTo": 2,
    "lenFrom": 0,
    "lenTo": 7,
    "colorFrom": "A9D8FFFF",
    "colorTo": "66B1FFFF"
    },
    "drawSize": 420,
    "shootEffect": {
    "type": "multiEffect",
    "rotWithParent": true,
    "followParent": true,
    "lifetime": 80,
    "effects": [
    {
    "type": "WaveEffect",
    "lifetime": 85,
    "sizeFrom": 75,
    "sizeTo": 0,
    "interp": "pow3In",
    "strokeFrom": 0,
    "strokeTo": 6,
    "colorFrom": "ECD36FFF",
    "colorTo": "F3E979FF"
    },
    {
    "type": "ParticleEffect",
    "line": true,
    "particles": 5,
    "lifetime": 80,
    "offset": 50,
    "length": 120,
    "baseLength": -120,
    "cone": 360,
    "interp": "pow3In",
    "sizeInterp": "pow5Out",    
    "strokeFrom": 0,
    "strokeTo": 2,
    "lenFrom": 0,
    "lenTo": 7,
    "colorFrom": "ECD36FFF",
    "colorTo": "F3E979FF"
    },
    {
    "type": "ParticleEffect",
    "line": true,
    "particles": 5,
    "lifetime": 70,
    "offset": 50,
    "length": 100,
    "baseLength": -100,
    "cone": 360,
    "interp": "pow3In",
    "sizeInterp": "pow5Out",  
    "strokeFrom": 0,
    "strokeTo": 2,
    "lenFrom": 0,
    "lenTo": 6,
    "colorFrom": "ECD36FFF",
    "colorTo": "F3E979FF"
    },
    {
    "type": "ParticleEffect",
    "line": true,
    "particles": 5,
    "lifetime": 60,
    "offset": 50,
    "length": 80,
    "baseLength": -80,
    "cone": 360,
    "interp": "pow3In",
    "sizeInterp": "pow5Out",    
    "strokeFrom": 0,
    "strokeTo": 2,    
    "lenFrom": 0,
    "lenTo": 5,
    "colorFrom": "ECD36FFF",
    "colorTo": "F3E979FF"
    },
    {
    "type": "ParticleEffect",
    "particles": 1,
    "sizeFrom": 1,
    "sizeTo": 14,
    "interp": "swingOut",
    "length": 0,
    "lifetime": 90,
    "colorFrom": "F3E979FF",
    "colorTo": "F3E979FF",
    "cone": 360
    },
    {
    "type": "ParticleEffect",
    "particles": 1,
    "sizeFrom": 1,
    "sizeTo": 7,
    "interp": "swingOut",
    "length": 0,
    "lifetime": 90,
    "colorFrom": "FFFFFFF",
    "colorTo": "FFFFFFF",
    "cone": 360
    }
    ]
    },
    "lifetime": 200,
    "shake": 2,
    "knockback": -3,
    "despawnEffect": "smokeCloud",
    "smokeEffect": "none",
    "incendChance": 0.18,
    "incendSpread": 5,
    "incendAmount": 1,
    "colors":["ECD36FAA", "ECD36FFF", "F3E979FF", "FFFFFF"]
    }
  },
  {
    "name": "alpha-rocket",
    "shootCone": 25,
    "alternate": false,
    "mirror": false,
    "top": true,
    "x": 0,
    "y": -8.5,
     "reload": 12,
"shoot": {
"type": "ShootAlternate",
"shots": 1,
"barrels": 3,
 "spread": 3
},
    "recoil": 3,
    "shootY": 2,
    "inaccuracy": 7,
    "xRand": 8,
    "shootSound": "missile",
    "velocityRnd": 0.4,
    "bullet": {
    "type": "MissileBulletType",
    "shootEffect": "shootHealYellow",
    "hitEffect": "blastExplosion",
    "despawnHit": true,       
    "damage": 45,
    "speed": 5,
    "keepVelocity": false,
	   "frontColor": "FFFFFFF",
    "backColor": "F3E979FF",
    "trailColor": "ECD36FFF",
    "lifetime": 60,
  	"homingPower": 1,
	"homingRange": 100,
	"weaveScale": 5,			
	"weaveMag": 2,
    "height": 8,
    "width": 8,
	"splashDamageRadius": 30,
	"splashDamage": 30,			
    "lightning": 4,
    "lightningDamage": 10,
    "lightningLength": 4,
    "lightningCone": 360,
    "lightningLengthRand": 6
			}
		}
     ],
    "abilities": [
        {
            "type": "mindustry.entities.abilities.ForceFieldAbility",
            "radius": 60,
            "regen": 8,
            "max": 2000,
            "cooldown": 260
            }
        ]
}
