{
    "controller": "DefenderAI",
    "type": "payload",
       "rotateShooting": false,
    "drawShields": false,
    "fallSpeed": 0.006,
    "research": {
    "parent": "oct",
    "requirements": [
    "graphite/1220",
    "surge-alloy/1000",
    "plastanium/940",
    "phase-fabric/850",
    "copper/1240",
    "lead/1240",
    "silicon/1300"
    ]
    },
    "lowAltitude": true,
    "lightRadius": 200,
    "rotateSpeed": 1.3,
    "crashDamageMultiplier": 18,
    "payloadCapacity": 6484,
    "mineSpeed": 5.3,
    "buildSpeed": 8.4,
    "mineTier": 5,
    "itemCapacity": 500,
    "speed": 0.84,
    "accel": 0.4,
    "drag": 0.018,
    "faceTarget": true,
    "flying": true,
    "health": 80000,
    "hitSize": 85,
    "armor": 17,       
    "engineOffset": 50,
    "engineSize": 7.5,
    "targetAir": true,
    "immunities": [
		"sapped",
		"wet",
		"tarred",
		"slow",
		"melting",
		"burning"
		],
	"weapons": [
    {
	"type": "RepairBeamWeapon",  
    "mirror": true,
    "alternate": false,
    "rotateSpeed": 8,
    "y": 0,
    "x": 0,
    "reload": 1,
    "rotate": true,
    "shootSound": "laser",
    "controllable": false,
    "autoTarget": true,
    "beamWidth": 1.9,
    "pulseRadius": 12,
    "pulseStroke": 2,
    "repairSpeed": 25,
	"bullet": {
	"maxRange": 300,
	"speed": 5,
	"shootEffect": "hitEmpSpark"
    }
    },
    {
	"type": "RepairBeamWeapon",  
    "mirror": true,
    "alternate": false,
    "rotateSpeed": 8,
    "y": 0,
    "x": 0,
    "reload": 1,
    "rotate": true,
    "shootSound": "laser",
    "controllable": false,
    "autoTarget": true,
    "beamWidth": 0.6,
    "pulseRadius": 6,
    "pulseStroke": 2,
    "targetBuildings": true,
    "repairSpeed": 3,
	"bullet": {
	"shootEffect": "hitEmpSpark",
	"speed": 5,
	"maxRange": 100
	}
    },
    {
	"type": "RepairBeamWeapon",  
    "mirror": true,
    "alternate": false,
    "rotateSpeed": 8,
    "y": 0,
    "x": 0,
    "reload": 1,
    "rotate": true,
    "shootSound": "laser",
    "controllable": false,
    "autoTarget": true,
    "beamWidth": 0.8,
    "pulseRadius": 6,
    "pulseStroke": 2,
    "targetBuildings": true,
    "repairSpeed": 3,
	"bullet": {
	"shootEffect": "hitEmpSpark",
	"speed": 5,
	"maxRange": 300
    }
    },
    {
	"type": "RepairBeamWeapon",  
    "mirror": true,
    "alternate": false,
    "rotateSpeed": 8,
    "y": 0,
    "x": 0,
    "reload": 1,
    "rotate": true,
    "shootSound": "laser",
    "controllable": false,
    "autoTarget": true,
    "beamWidth": 0.8,
    "pulseRadius": 6,
    "pulseStroke": 2,
    "targetBuildings": true,
    "repairSpeed": 3,
	"bullet": {
	"shootEffect": "hitEmpSpark",
	"speed": 5,
	"maxRange": 300
    }
    },
    {
	"type": "RepairBeamWeapon",  
    "mirror": true,
    "alternate": false,
    "rotateSpeed": 8,
    "y": 0,
    "x": 0,
    "reload": 1,
    "rotate": true,
    "shootSound": "laser",
    "controllable": false,
    "autoTarget": true,
    "beamWidth": 0.8,
    "pulseRadius": 6,
    "pulseStroke": 2,
    "targetBuildings": true,
    "repairSpeed": 3,
	"bullet": {
	"shootEffect": "hitEmpSpark",
	"speed": 5,
	"maxRange": 300
    }
    }
    ],
    "abilities": [
        {
    "type": "EnergyFieldAbility",
    "statusDuration": 300,
    "status": "electrified",
    "maxTargets": 30,
    "damage": 55,
    "healPercent": 0.6,
    "range": 165,
    "sectors": 4,
    "rotateSpeed": 3,
    "hitBuildings": true,
    "sectorRad": 0.64,
    "effectRadius": 10,
    "reload": 100
        },
        {
    "type": "mindustry.entities.abilities.ForceFieldAbility",
    "radius": 160,
    "regen": 10,
    "max": 30000,
    "cooldown": 550
        }
    ]
}
