{
    "research": {
    "parent": "navanax",
    "requirements": [
    "graphite/1220",
    "surge-alloy/1000",
    "plastanium/940",
    "phase-fabric/850",
    "copper/1240",
    "lead/1240",
    "silicon/1300"
    ]
    },
    "type": "naval",
    "armor": 25,
    "drag": 0.17,
    "targetAir": true,
    "hitSize": 64,
    "health": 67200,
    "speed": 0.58,
    "accel": 0.18,
    "rotateSpeed": 0.8,
    "trailX": 23,
    "trailY": -37,
    "trailScl": 4,
    "trailLength": 75,
    "rotateShooting": false,

	"weapons": [
		{
	"name": "energy-gun",
    "mirror": true,
    "alternate": true,
    "rotateSpeed": 3,
    "rotate": true,
    "y": 35,
    "x": 11,
    "controllable": false,
    "autoTarget": true,
    "reload": 5,
    "recoil": 1,
    "shootY": 6,
    "inaccuracy": 10,
    "shootCone": 30,
    "ejectEffect": "casing1",
    "shootSound": "flame",
      "shoot": {
    "type": "shootPattern",
    "shots": 3,
    "shotDelay": 1,
    },
    "bullet": {
    "type": "BasicBulletType",
    "collidesAir": true,
    "speed": 5,
    "damage": 38,
    "hitSize": 7,
    "width": 0.1,
    "height": 0.1,
    "collidesTeam": true,
    "healPercent": 1.5,
    "shootEffect": {
    "type": "ParticleEffect",
    "particles": 25,
    "length": 70,
    "lifetime": 45,
    "interp": "circleOut",
    "cone": 20,
    "colorFrom": "98ffa9",
    "colorTo": "84F491FF",
    "sizeFrom": 4,
    "sizeTo": 0.25
    },
    "smokeEffect": "none",
    "lifetime": 10,
	"despawnEffect": "none",
    "hittable": false,
    "lightColor": "98ffa9ff",
    "reflectable": false,
	"hitEffect": "hitFlamePlasma",
	"pierce": true,
	"incendAmount": 0.2
    }
	},
	{
	"name": "energy-gun",
    "mirror": true,
    "alternate": true,
    "rotateSpeed": 3,
    "rotate": true,
    "y": 30,
    "x": 23,
    "controllable": false,
    "reload": 5,
    "recoil": 1,
    "autoTarget": true,
    "shootY": 6,
    "inaccuracy": 10,
    "shootCone": 30,
    "ejectEffect": "casing1",
    "shootSound": "flame",
    "shoot": {
    "type": "shootPattern",
    "shots": 3,
    "shotDelay": 1,
    },
    "bullet": {
    "type": "BasicBulletType",
    "collidesAir": true,
    "speed": 5,
    "damage": 38,
    "hitSize": 7,
    "width": 0.1,
    "height": 0.1,
    "collidesTeam": true,
    "healPercent": 1.5,
    "shootEffect": {
    "type": "ParticleEffect",
    "particles": 25,
    "length": 70,
    "lifetime": 45,
    "interp": "circleOut",
    "cone": 20,
    "colorFrom": "98ffa9",
    "colorTo": "84F491FF",
    "sizeFrom": 4,
    "sizeTo": 0.25
    },
    "smokeEffect": "none",
    "lifetime": 10,
	  "despawnEffect": "none",
    "hittable": false,
    "lightColor": "98ffa9ff",
    "reflectable": false,
	  "hitEffect": "hitFlamePlasma",
	  "pierce": true,
	  "incendAmount": 0.2
    }
	},
	{
   "name": "mariana-cannon",
    "y": 3,
    "x": 27,
    "top": true,
    "mirror": true,
    "alternate": true,
    "rotate": true,
    "rotateSpeed": 2,
    "shootY": 19,
    "shoot": {
    "type": "shootPattern",
    "shots": 6,
    "shotDelay": 5,
    },
    "inaccuracy": 10,
    "reload": 67,
    "recoil": 4,
    "shake": 1,
    "shootCone": 20,
    "ejectEffect": "casing2",
    "shootSound": "plasmaboom",
    "bullet": { 
    "type": "EmpBulletType",
    "hitEffect": "hitEmpSpark",
    "shootEffect": "hitEmpSpark",
    "despawnEffect": "hitEmpSpark",
    "collidesTeam": true,
    "healPercent": 16.5,
    "lightColor": "98ffa9ff",
    "sprite": "circle-bullet",
    "trailColor": "84F491FF",
    "trailParam": 5,
    "trailEffect": "none",
    "trailLength": 16,
    "trailInterval": 13,
    "trailWidth": 6,
    "lifetime": 50,
    "splashDamage": 70,
    "splashDamageRadius": 80,
    "damage": 120,
    "shrinkY": 0,
    "shrinkX": 0,
    "radius": 50,
    "timeIncrease": 2.5,
    "powerDamageScl": 4.0,
    "powerSclDecrease": 0.4,
    "unitDamageScl": 1.2,
    "status": "electrified",
    "statusDuration": 100,
    "speed": 4,
    "width": 14,
    "height": 14,
    "backColor": "84F491FF",
    "frontColor": "FFFFFFFF"
        }
        },
        {
   "name": "small-energy-launcher",
    "shootCone": 25,
    "alternate": true,
    "mirror": true,
    "top": true,
    "y": -27,
    "x": 31,
    "rotate": true,
    "rotateSpeed": 2.9,
    "reload": 18,
    "recoil": 4.5,
    "shootY": 8,
    "inaccuracy": 10,
    "shoot": {
    "type": "shootPattern",
    "shots": 4,
    "shotDelay": 1,
    },
    "xRand": 11,
    "shootSound": "missile",
    "velocityRnd": 0.4,
    "bullet": {
    "keepVelocity": false,
    "type": "MissileBulletType",
    "hitEffect": "hitFlamePlasma",
    "despawnEffect": "greenCloud",
    "shootEffect": "shootHeal",
    "damage": 76,
    "speed": 6,
    "collidesTeam": true,
    "healPercent": 8.5,
    "lifetime": 60,
    "lightColor": "98ffa9ff",
  	"homingPower": 0.0567,
    "trailColor": "84F491FF",
	  "homingRange": 100,
	  "weaveScale": 5,			
	  "weaveMag": 5,
    "height": 12,
    "width": 10,
	  "splashDamageRadius": 20,
	  "splashDamage": 38,
    "backColor": "84F491FF",
    "frontColor": "FFFFFFFF"
    }
}
]
}
