{
    "research": {
    "parent": "omura",
    "requirements": [
    "graphite/1220",
    "surge-alloy/1000",
    "plastanium/940",
    "phase-fabric/850",
    "copper/1240",
    "lead/1240",
    "silicon/1300"
    ]
    },
    "type": "naval",
    "armor": 30,
    "drag": 0.17,
    "targetAir": true,
    "range": 300,
    "hitSize": 64,
    "health": 68200,
    "speed": 0.58,
    "accel": 0.18,
    "rotateSpeed": 0.8,
    "trailX": 23,
    "trailY": -37,
    "trailScl": 4,
    "trailLength": 75,
    "rotateShooting": false,

	"weapons": [
		{
    "name": "small-launcher",
    "shootCone": 25,
    "alternate": true,
    "mirror": true,
    "top": true,
    "y": 3,
    "x": 27,
    "rotate": true,
    "rotateSpeed": 2.9,
    "reload": 10,
    "recoil": 2.5,
    "shoot": {
      "type": "shootPattern",
  "shots": 3,
  "shotDelay": 1,
   },
    "shootY": 8,
    "inaccuracy": 10,
    "xRand": 7,
    "shootSound": "missile",
    "velocityRnd": 0.4,
    "bullet": {
    "keepVelocity": false,
    "type": "MissileBulletType",
    "hitEffect": "explosion",
    "despawnEffect": "explosion",
    "shootEffect": "shootSmall",
    "damage": 65,
    "speed": 6,
    "lifetime": 60,
  	"homingPower": 0.0567,
	  "homingRange": 80,
	  "weaveScale": 3,			
	  "weaveMag": 3,
    "height": 9,
    "width": 6,
	  "splashDamageRadius": 10,
	  "splashDamage": 18
    }
    },
    {
    "name": "large-launcher",
    "shootCone": 25,
    "alternate": true,
    "mirror": true,
    "top": true,
    "y": -23,
    "x": 31,
    "rotate": true,
    "rotateSpeed": 2.9,
    "reload": 18,
    "recoil": 4.5,
    "shoot": {
    "type": "shootPattern",
    "shots": 4,
    "shotDelay": 1,
    },
    "shootY": 8,
    "inaccuracy": 10,
    "xRand": 11,
    "shootSound": "missile",
    "velocityRnd": 0.4,
    "bullet": {
    "keepVelocity": false,
    "type": "MissileBulletType",
    "hitEffect": "flakExplosion",
    "despawnEffect": "flakExplosion",
    "shootEffect": "shootBig",
    "damage": 85,
    "speed": 6,
    "lifetime": 60,
  	"homingPower": 0.0567,
	  "homingRange": 100,
	  "weaveScale": 5,			
	  "weaveMag": 5,
    "height": 14,
    "width": 10,
	  "splashDamageRadius": 20,
	  "splashDamage": 38
    }
    },
    {
    "name": "orca-meltdown",
    "x": 0,
    "y": -10,
    "reload": 380,
    "top": true,
    "rotate": true,
    "mirror": false,
    "cooldownTime": 380,
    "recoil": 5.5,
    "rotateSpeed": 1.0,
    "shootY": 4,
    "shake": 1,
    "shootSound": "beam",
    "ejectEffect": "none",
    "chargeSound": "lasercharge2",
    "continuous": true,
    "bullet": { 
    "type": "ContinuousLaserBulletType",
    "damage": 65,
    "width": 8,
    "length": 300,
    "drawSize": 470,
    "lifetime": 340,
    "shake": 0.5,
    "despawnEffect": "smokeCloud",
    "smokeEffect": "smokeCloud",
    "hitEffect": "hitMeltdown",
    "shootEffect": "bigShockwave"
    }
}
]
}
