{
    "research": {
    "parent": "stella",
    "requirements": [
"graphite/1220",
"surge-alloy/1200",
"plastanium/940",
"phase-fabric/1000",
"voltirium-alloy/1000",
"copper/1540",
"lead/1540",
"silicon/1800"
    ]
    },
    "groundLayer": 75,
    "singleTarget": true,
    "drawShields": false,
	"lightRadius": 120,
    "type": "legs",
	"canDrown": false,
	"speed": 0.2,
	"hitSize": 56,
	"health": 97000,
	"armor": 35,
	"drag": 0.2,
	"drownTimeMultiplier": 7,
	"flying": false,
	"targetAir": true,
   	"rotateSpeed": 1.4,
	"legCount": 4,
    "legMoveSpace": 0.7,
    "legLength": 39,
    "legBaseOffset": 15,
    "legTrns": 0.6,
    "landShake": 1,
    "legSpeed": 0.17,
    "rippleScale": 10.5,
    "legSplashDamage": 200,
    "legSplashRange": 36,
	"visualElevation": 0.65,
	"allowLegStep": true,
	"hovering": true,
	"immunities": [
	"burning", 
	"melting",
	"corroded",
	"slow"
	],
    "weapons": [
	{
  "name": "virgo-cannon",
  "x": 25,
  "y": -7,
  "ejectEffect": "none",
  "mirror": true,
  "alternate": true,
  "top": true,
  "rotate": true,
   "shoot": {
  "type": "shootPattern",
  "shots": 3,
  "shotDelay": 3,
   },
  "layerOffset": 1,
  "rotateSpeed": 2,
  "inaccuracy": 7,
  "shootCone": 25,
  "shootY": 10,
  "reload": 6,
  "shootSound": "flame",
    "bullet": {
	"type" : "EmpBulletType",
	"sprite" : "circle-bullet",
	"status": "electrified",
	"damage": 30,
	"pierceCap": 5,
	"buildingDamageMultiplier": 1.5,
    "radius": 30,
    "hitPowerEffect": "none",
    "hitColor": "84F491FF",
    "timeIncrease": 1,
    "powerDamageScl": 0,
    "powerSclDecrease": 0.05,
    "unitDamageScl": 0,
    "hitSize": 9,
    "width": 0.1,
    "height": 0.1,
    "hittable": false,
    "reflectable": false,
	"hitEffect": {
    "type": "ParticleEffect",
    "line": true,
    "particles": 4,
    "lifetime": 45,
    "offset": 10,
    "interp": "circleOut",
    "length": 70,
    "cone": -30,
    "strokeFrom": 2,
    "strokeTo": 0,
    "lenFrom": 7,
    "lenTo": 0,
    "lightColor": "84F491FF",
    "colorFrom": "C9FFCFFF",
    "colorTo": "84F491FF"
	},
	"pierce": true,
    "pierceBuilding": true,
    "shootEffect": {
    "type": "multiEffect",
    "layer": 110,
    "effects": [
    {
    "type": "ParticleEffect",
    "particles": 5,
    "sizeFrom": 7,
    "sizeTo": 1,
    "length": 160,
    "lifetime": 25,
    "interp": "circleOut",
    "sizeInterp": "pow5In",
    "lightColor": "66B1FFFF",
    "colorFrom": "72DB8FFF",
    "colorTo": "72DB8F70",
    "cone": 13
    },
    {    
    "type": "ParticleEffect",
    "particles": 6,
    "sizeFrom": 4,
    "sizeTo": 1,
    "length": 130,
    "lifetime": 35,
    "interp": "circleOut",
    "sizeInterp": "pow5In",
    "lightColor": "84F491FF",
    "colorFrom": "84F491FF",
    "colorTo": "72DB8FFF",
    "cone": 13
    },
    {    
    "type": "ParticleEffect",
    "particles": 5,
    "sizeFrom": 6,
    "sizeTo": 1,
    "length": 150,
    "lifetime": 45,
    "interp": "circleOut",
    "sizeInterp": "pow5In",
    "lightColor": "84F491FF",
    "colorFrom": "84F491FF",
    "colorTo": "84F491FF",
    "cone": 15
    },
    {
    "type": "ParticleEffect",
    "particles": 5,
    "sizeFrom": 5,
    "sizeTo": 1,
    "length": 180,
    "lifetime": 60,
    "interp": "circleOut",
    "sizeInterp": "pow5In",
    "lightColor": "84F491FF",
    "colorFrom": "C9FFCFFF",
    "colorTo": "84F491FF",
    "cone": 10
    }
    ]
    },
    "smokeEffect": {
    "type": "multiEffect",
    "layer": 109,
    "effects": [
    {
    "type": "ParticleEffect",
    "particles": 3,
    "sizeFrom": 7,
    "sizeTo": 1,
    "length": 200,
    "lifetime": 60,
    "lightOpacity": 0,
    "interp": "circleOut",
    "sizeInterp": "pow5In",
    "colorFrom": "72DB8FFF",
    "colorTo": "565656FF",
    "cone": 14
    },
    {
    "type": "ParticleEffect",
    "particles": 3,
    "sizeFrom": 9,
    "sizeTo": 3,
    "length": 200,
    "lifetime": 70,
    "lightOpacity": 0,
    "interp": "circleOut",
    "sizeInterp": "pow5In",
    "colorFrom": "72DB8FFF",
    "colorTo": "56565610",
    "cone": 16
    },
    {
    "type": "ParticleEffect",
    "particles": 3,
    "sizeFrom": 5,
    "sizeTo": 1,
    "length": 190,
    "lifetime": 40,
    "lightOpacity": 0,
    "interp": "circleOut",
    "sizeInterp": "pow5In",
    "colorFrom": "72DB8FFF",
    "colorTo": "565656FF",
    "cone": 10
    }
    ]
    },
	"speed": 6,
	"lifetime" : 25.5
    }
	 },
     {
   "name": "small-energy-launcher",
    "shootCone": 25,
    "alternate": true,
    "mirror": true,
    "top": true,
    "xRand": 5,
    "x": 14,
    "y": 10,
    "rotate": true,
    "rotateSpeed": 3.5,
    "reload": 5,
    "recoil": 0.5,
    "shots": 2,
    "shootY": 0,
    "inaccuracy": 6,
    "shotDelay": 1,
    "shootSound": "missile",
    "bullet": {
    "keepVelocity": false,
    "type": "MissileBulletType",
    "backColor": "84F491FF",
    "frontColor": "FFFFFFFF",
    "hitEffect": "hitMeltHeal",
    "despawnEffect": "hitMeltHeal",
    "shootEffect": "shootHealYellow",
    "trailEffect": "none",
    "trailColor": "84F491FF",
    "trailParam": 5,
    "trailLength": 16,
    "trailWidth": 1.5,
    "buildingDamageMultiplier": 0.2,
    "damage": 60,
    "speed": 5,
    "lifetime": 80,
    "homingDelay": 30,
  	"homingPower": 0.06,
	"homingRange": 200,
	"weaveScale": 4,			
	"weaveMag": 4,
    "height": 17,
    "width": 8,
	"splashDamageRadius": 40,
	"splashDamage": 50
  }
	}
    ],
    "abilities": [
    {
      "type": "mindustry.entities.abilities.ForceFieldAbility",
      "radius": 170,
      "regen": 10,
      "max": 80000,
      "cooldown": 350
    },
    {
    "type": "mindustry.entities.abilities.RepairFieldAbility",
    "range": 200,
    "activeEffect": {
    "type": "WaveEffect",
    "lifetime": 60,
    "sizeFrom": 0,
    "sizeTo": 260,
    "interp": "pow5Out",
    "strokeFrom": 10,
    "strokeTo": 0,
    "colorFrom": "84F491FF",
    "colorTo": "84F491FF"
    },
    "healEffect": {
    "type": "ParticleEffect",
    "lightOpacity": 0,
    "particles": 1,
    "length": 0,
    "lifetime": 20,
    "sizeFrom": 20,
    "sizeTo": 0,
    "region": "exogenesis-heal",
    "colorFrom": "84F491FF",
    "colorTo": "84F491FF"
    },
    "amount": 8000,
    "reload": 300
    }
    ]
}
