{
    "type": "ItemTurret",
    "name": "[RL] Kalinka",
    "description": "Designed by Kalyona Industriya. A rocket launcher.",
    "health": 1300,
    "size": 2,
    "reload": 6,
    "inaccuracy": 10,
    "shootSound": "Turrets/KalinkaRL",
    "range": 350,
    "shots": 1,
    "xRand": 6,
    "rotateSpeed": 5,
    "ammoTypes": {
        "blast-compound": {
            "type": "MissileBulletType",
            "trailColor": "FF7400",
            "frontColor": "FF9300",
            "backColor": "FFFFFF",
            "speed": 4,
            "damage": 35,
            "width": 2,
            "height": 9,
            "shootEffect": "shootBig",
            "smokeEffect": "shootBigSmoke",
            "hitEffect": "blastExplosion",
            "lifetime": 240,
            "homingRange": 250,
            "homingPower": 0.3,
            "splashDamage": 75,
            "splashDamageRadius": 100,
            "hitSound": "Hits/ExplodeRL"
        },
        "pyratite": {
            "type": "MissileBulletType",
            "trailColor": "FF7400",
            "frontColor": "FF9300",
            "backColor": "FFFFFF",
            "speed": 4,
            "damage": 30,
            "width": 2,
            "height": 9,
            "shootEffect": "shootBig",
            "smokeEffect": "shootBigSmoke",
            "hitEffect": "blastExplosion",
            "lifetime": 240,
            "homingRange": 250,
            "homingPower": 0.1,
            "splashDamage": 65,
            "splashDamageRadius": 60,
            "hitSound": "Hits/ExplodeRL"
        },
        "silicon": {
            "type": "MissileBulletType",
            "trailColor": "4d4e58",
            "frontColor": "FF9300",
            "backColor": "FFFFFF",
            "speed": 10,
            "damage": 50,
            "width": 2,
            "height": 9,
            "shootEffect": "shootBig",
            "smokeEffect": "shootBigSmoke",
            "lifetime": 120,
            "homingRange": 250,
            "homingPower": 0.8,
            "hitSound": "Hits/MetalHitRL"
        }
    },
    "category": "turret",
    "research": "Schmitrovland",
    "requirements": [    
        "graphite/35",
        "silicon/15",
        "lead/5"
    ]
}
