{
    "type": "ItemTurret",
    "name": "[RL] KatyushaCHEAT",
    "description": "A debug turret that will ruin your game experince.",
    "health": 15000,
    "size": 4,
    "reload": 3,
    "inaccuracy": 360,
    "shootSound": "Turrets/KalinkaRL",
    "range": 60000,
    "shots": 4,
    "xRand": 12,
    "shootCone": 360,
    "rotateSpeed": 0,
    "maxAmmo": 10124,
    "ammoTypes": {
        "blast-compound": {
            "type": "MissileBulletType",
            "trailColor": "FF7400",
            "frontColor": "FF9300",
            "backColor": "FFFFFF",
            "speed": 4,
            "damage": 10,
            "width": 2,
            "height": 9,
            "shootEffect": "shootBig",
            "smokeEffect": "shootBigSmoke",
            "hitEffect": "blastExplosion",
            "lifetime": 240000,
            "homingRange": 2000,
            "homingPower": 0.03,
            "splashDamage": 10,
            "splashDamageRadius": 100,
            "hitSound": "Hits/ExplodeRL",
            "ammoMultiplier": 100
        },
        "copper": {
            "type": "MissileBulletType",
            "trailColor": "FF7400",
            "frontColor": "FF9300",
            "backColor": "FFFFFF",
            "speed": 5,
            "damage": 10,
            "width": 2,
            "height": 9,
            "shootEffect": "shootBig",
            "smokeEffect": "shootBigSmoke",
            "lifetime": 240000,
            "homingRange": 2000,
            "homingPower": 0.03,
            "splashDamage": 10,
            "splashDamageRadius": 100,
            "hitSound": "Hits/ExplodeRL",
            "ammoMultiplier": 100
        },
        "pyratite": {
            "type": "MissileBulletType",
            "trailColor": "FF7400",
            "frontColor": "FF9300",
            "backColor": "FFFFFF",
            "speed": 4,
            "damage": 10,
            "width": 2,
            "height": 9,
            "shootEffect": "shootBig",
            "smokeEffect": "shootBigSmoke",
            "hitEffect": "blastExplosion",
            "lifetime": 240000,
            "homingRange": 2000,
            "homingPower": 0.03,
            "splashDamage": 10,
            "splashDamageRadius": 60,
            "hitSound": "Hits/ExplodeRL",
            "ammoMultiplier": 100
        },
        "silicon": {
            "type": "MissileBulletType",
            "trailColor": "4d4e58",
            "frontColor": "FF9300",
            "backColor": "FFFFFF",
            "speed": 10,
            "damage": 50,
            "width": 2,
            "height": 9,
            "shootEffect": "shootBig",
            "smokeEffect": "shootBigSmoke",
            "lifetime": 120000,
            "homingRange": 2000,
            "homingPower": 0.08,
            "hitSound": "Hits/MetalHitRL",
            "ammoMultiplier": 100
        }
    },
    "category": "turret",
    "research": "Katyusha",
    "requirements": [    
        "copper/10"
    ]
}
