{
    "type": "ItemTurret",
    "name": "[RL] Katyusha",
    "description": "Designed by Kalyona Industriya. A rocket launching base to launch missiles to the whole map.",
    "health": 15000,
    "size": 4,
    "reload": 15,
    "inaccuracy": 360,
    "shootSound": "Turrets/KalinkaRL",
    "range": 60000,
    "shots": 4,
    "shootX": 0,
    "shootY": -6,
    "shootCone": 360,
    "rotateSpeed": 0,
    "ammoTypes": {
        "blast-compound": {
            "type": "MissileBulletType",
            "trailColor": "FF7400",
            "frontColor": "FF9300",
            "backColor": "FFFFFF",
            "speed": 4,
            "damage": 35,
            "width": 2,
            "height": 9,
            "hitEffect": "blastExplosion",
            "lifetime": 240000,
            "homingRange": 2000,
            "homingPower": 0.03,
            "splashDamage": 75,
            "splashDamageRadius": 100,
            "hitSound": "Hits/ExplodeRL"
        },
        "pyratite": {
            "type": "MissileBulletType",
            "trailColor": "FF7400",
            "frontColor": "FF9300",
            "backColor": "FFFFFF",
            "speed": 4,
            "damage": 30,
            "width": 2,
            "height": 9,
            "hitEffect": "blastExplosion",
            "lifetime": 240000,
            "homingRange": 2000,
            "homingPower": 0.03,
            "splashDamage": 65,
            "splashDamageRadius": 60,
            "hitSound": "Hits/ExplodeRL"
        },
        "silicon": {
            "type": "MissileBulletType",
            "trailColor": "4d4e58",
            "frontColor": "FF9300",
            "backColor": "FFFFFF",
            "speed": 10,
            "damage": 50,
            "width": 2,
            "height": 9,
            "lifetime": 120000,
            "homingRange": 2000,
            "homingPower": 0.08,
            "hitSound": "Hits/MetalHitRL"
        }
    },
    "category": "turret",
    "research": "Kalinka",
    "requirements": [    
        "graphite/100",
        "silicon/150",
        "lead/100",
        "copper/50",
        "titanium/25"
    ]
}
