{
    "type": "ItemTurret",
    "researchCostMultiplier": 0.1,
    "squareSprite": false,
    "outlineColor": "36363CFF",
    "size": 1,
    "health": 190,
    "reload": 35,
    "range": 60,
    "maxAmmo": 10,
    "recoil": 0.7,
    "rotateSpeed": 5,
    "shootSound": "bang",
    "drawer": {
    "type": "drawTurret",
    "basePrefix": "genesux-"
    },
    "ammoTypes": {
        "astrolite": {
        "type": "BasicBulletType",
        "sprite": "exogenesis-plasma",
        "absorbable": true,
        "shrinkY": 0,
        "shrinkX": 0,
        "speed": 4,
        "lifetime": 15,
        "damage": 5,
        "trailColor": "66B1FFFF",
        "trailParam": 2,
        "trailLength": 8,
        "trailWidth": 2,
        "trailEffect": "none",
        "shootEffect": {
        "type": "multiEffect",
        "effects": [
        {
        "type": "ParticleEffect",
        "particles": 20,
        "length": 40,
        "lifetime": 36,
        "interp": "circleOut",
        "sizeInterp": "pow5Out",
        "cone": 360,
        "colorFrom": "A9D8FFFF",
        "colorTo": "66B1FFFF",
        "sizeFrom": 4.5,
        "sizeTo": 0
        },
        {
        "type": "ParticleEffect",
        "particles": 1,
        "sizeFrom": 10,
        "sizeTo": 0,
        "length": 0,
        "lightColor": "73FFAEFF",
        "lifetime": 30,
        "layer": 109,
        "region": "exogenesis-star",
        "colorFrom": "A9D8FFFF",
        "colorTo": "66B1FFFF"
        }
        ]
        },
        "status": "freezing",
        "height": 9,
        "width": 9,
        "hitEffect": {
        "type": "multiEffect",
        "effects": [
        {
        "type": "WaveEffect",
        "lifetime": 25,
        "sizeFrom": 0,
        "sizeTo": 20,
        "strokeFrom": 3.5,
        "strokeTo": 0,
        "colorFrom": "A9D8FFFF",
        "colorTo": "66B1FFFF"
        },
        {
        "type": "ParticleEffect",
        "particles": 1,
        "sizeFrom": 25,
        "sizeTo": 0,
        "length": 0,
        "lightColor": "73FFAEFF",
        "lifetime": 30,
        "layer": 109,
        "region": "exogenesis-star",
        "colorFrom": "A9D8FFFF",
        "colorTo": "66B1FFFF"
        },
        {
        "type": "ParticleEffect",
        "particles": 1,
        "sizeFrom": 10,
        "sizeTo": 0,
        "length": 0,
        "lightColor": "73FFAEFF",
        "lifetime": 30,
        "layer": 109,
        "region": "exogenesis-star",
        "colorFrom": "FFFFFFF",
        "colorTo": "FFFFFFF"
        }
        ]
        },
        "despawnHit": true, 
        "frontColor": "A9D8FFFF",
        "backColor": "66B1FFFF"
        },
        "graphite": {
        "type": "BasicBulletType",
        "absorbable": true,
        "shrinkY": 0,
        "shrinkX": 0,
        "speed": 8,
        "lifetime": 11,
        "reloadMultiplier": 3,
        "damage": 5,
        "trailParam": 2,
        "trailLength": 8,
        "trailWidth": 2,
        "trailEffect": "none",
        "shootEffect": {
        "type": "multiEffect",
        "effects": [
        {
        "type": "ParticleEffect",
        "particles": 20,
        "length": 40,
        "lifetime": 36,
        "interp": "circleOut",
        "sizeInterp": "pow5Out",
        "cone": 360,
        "colorFrom": "A9D8FFFF",
        "colorTo": "66B1FFFF",
        "sizeFrom": 4.5,
        "sizeTo": 0
        },
        {
        "type": "ParticleEffect",
        "particles": 1,
        "sizeFrom": 10,
        "sizeTo": 0,
        "length": 0,
        "lightColor": "73FFAEFF",
        "lifetime": 30,
        "layer": 109,
        "region": "exogenesis-star",
        "colorFrom": "A9D8FFFF",
        "colorTo": "66B1FFFF"
        }
        ]
        },
        "height": 9,
        "width": 9,
        "hitEffect": {
        "type": "multiEffect",
        "effects": [
        {
        "type": "ParticleEffect",
        "particles": 6,
        "sizeFrom": 15,
        "sizeTo": 0,
        "length": 0,
        "lightColor": "73FFAEFF",
        "lifetime": 30,
        "layer": 109,
        "region": "exogenesis-star",
         "colorFrom": "6B77A1FF",
        "colorTo": "95ABD9FF"
        },
        {
        "type": "ParticleEffect",
        "particles": 4,
        "sizeFrom": 5,
        "sizeTo": 0,
        "length": 15,
        "lifetime": 20,
        "layer": 109,
        "region": "exogenesis-shape2",
        "colorFrom": "6B77A1FF",
        "colorTo": "95ABD9FF"
        }
        ]
        },
        "despawnHit": true, 
    "trailColor": "95ABD9FF",
            "frontColor": "ffffffFF",
            "backColor": "95ABD9FF"
        }
    },
    "requirements": [
        "lead/20",
        "copper/60"
    ],
    "envRequired": 0,
	"enDisabled": 4,
    "category": "turret",
    "research": "team-genesux"

}
