{
    "type": "ItemTurret",
    "researchCostMultiplier": 0.3,
    "squareSprite": false,
    "outlineColor": "36363CFF",
    "size": 2,
    "health": 480,
    "reload": 135,
    "range": 190,
    "maxAmmo": 10,
    "recoil": 3,
    "rotateSpeed": 2,
    "shootSound": "bang",
    "drawer": {
    "type": "drawTurret",
    "basePrefix": "genesux-"
    },
    "ammoTypes": {
        "astrolite": {
        "type": "ArtilleryBulletType",
        "shootEffect": {
        "type": "ParticleEffect",
        "particles": 8,
        "length": 40,
        "lifetime": 46,
       "interp": "pow3Out",
       "sizeInterp": "pow5In",
        "cone": 20,
        "colorFrom": "A9D8FFFF",
        "colorTo": "66B1FFFF",
        "sizeFrom": 5,
        "sizeTo": 0
        },
        "shrinkY": 0,
        "shrinkX": 0,
        "speed": 5,
        "lifetime": 38,
        "collides": false,
        "splashDamage": 42,
        "splashDamageRadius": 55,
        "trailColor": "66B1FFFF",
        "lightColor": "A9D8FFFF",
        "trailParam": 5,
        "trailLength": 6,
        "trailWidth": 5,
        "trailEffect": "none",
        "status": "freezing",
        "statusDuration": 30,
        "height": 20,
        "width": 15,
        "hitEffect": {
         "type": "multiEffect",
    "effects": [
    {
    "type": "ParticleEffect",
    "line": true,
    "particles": 10,
    "lifetime": 45,
    "interp": "circleOut",
    "length": 75,
    "cone": -40,
    "strokeTo": 0,
     "lightColor": "A9D8FFFF",
    "lenFrom": 8,
    "lenTo": 0,
    "strokeFrom": 5,
    "colorFrom": "A9D8FFFF",
        "colorTo": "66B1FFFF"
	},
	{
	"type": "ParticleEffect",
    "particles": 5,
    "length": 45,
    "lifetime": 70,
    "interp": "pow3Out",
    "sizeInterp": "pow5In",
    "offset": 30,
     "lightColor": "A9D8FFFF",
   "colorFrom": "A9D8FFFF",
        "colorTo": "66B1FFFF",
    "sizeFrom": 5,
    "sizeTo": 0
	},
	{
    "type": "ParticleEffect",
    "particles": 4,
    "length": 45,
    "lifetime": 60,
    "interp": "circleOut",
    "sizeInterp": "pow5In",
    "lightColor": "A9D8FFFF",
    "colorFrom": "A9D8FFFF",
        "colorTo": "66B1FFFF",
    "sizeFrom": 4.5,
    "sizeTo": 0
	},
	{
    "type": "ParticleEffect",
    "particles": 5,
    "length": 35,
    "lifetime": 50,
    "interp": "circleOut",
    "sizeInterp": "pow5In",
    "lightColor": "A9D8FFFF",
 "colorFrom": "A9D8FFFF",
        "colorTo": "66B1FFFF",
    "sizeFrom": 3.5,
    "sizeTo": 0
	},
	{
    "type": "ParticleEffect",
    "particles": 7,
    "length": 40,
    "lifetime": 35,
    "interp": "circleOut",
    "sizeInterp": "pow5In",
    "lightColor": "A9D8FFFF",
     "colorFrom": "A9D8FFFF",
        "colorTo": "66B1FFFF",
    "sizeFrom": 2,
    "sizeTo": 0
        }
        ]
        },
        "frontColor": "A9D8FFFF",
        "backColor": "66B1FFFF"
        }
    },
    "requirements": [
        "silicon/60",
        "astrolite/60",
        "lead/230"
    ],
    "envRequired": 0,
    "enDisabled": 4,
    "category": "turret",
    "research": "c-astral"
}
