{
	"type": "ItemTurret",
	"size": 5,
	"health": 850,
	"maxAmmo": 150,
	"ammoPerShot" : 10,
	"reload": 450,
	"range": 600,
	"recoil": 5,
	"shake": 12,
	"rotateSpeed": 2,
	"shootSound" : "railgun",
    "drawer": {
    "type": "drawTurret",
    "basePrefix": "genesux-"
    },
	"ammoTypes":	{
		"omega-blue": {
			"type" : "railBulletType",
			"damage": 1450,
			"status": "freezing",
			"length" : 600,
			"lightningColor": "A9D8FFFF",
	        "pointEffectspace": 20,
			"lightning": 8,
			"lightningLength": 15,
			"lightningDamage": 45,
			"ammoMultiplier": 3,
			"pierce": true,
			"buildingDamageMultiplier": 0.8,
	    "pierceEffect" : {
            "type": "ParticleEffect",
            "particles": 1,
            "length": 0,
            "lifetime": 25,
            "sizeFrom": 35,
            "region": "exogenesis-blue-pierce",
            "colorFrom": "A9D8FFFF",
            "colorTo": "66B1FFFF"
            },
	    "pointEffect" : {
            "type": "ParticleEffect",
            "particles": 1,
            "length": 0,
            "lifetime": 25,
            "sizeFrom": 20,
            "region": "exogenesis-star-wide",
            "colorFrom": "A9D8FFFF",
            "colorTo": "66B1FFFF"
            },
	   "lineEffect" : {
            "type": "ParticleEffect",
            "particles": 1,
            "length": 0,
            "lifetime": 25,
            "sizeFrom": 20,
            "region": "exogenesis-star-wide",
            "colorFrom": "A9D8FFFF",
            "colorTo": "66B1FFFF"
			},
			"hitEffect" : {
	        "type": "MultiEffect",
	        "lifetime": 40,
	        "effects": [
	            {
            "type": "WaveEffect",
            "lifetime": 30,
            "sides": 4,
            "rotation": 60,
            "sizeFrom": 0,
            "sizeTo": 64,
            "strokeFrom": 4,
            "strokeTo": 0,
            "colorFrom": "A9D8FFFF",
            "colorTo": "66B1FFFF"
	            },
	            {
            "type": "WaveEffect",
            "lifetime": 30,
            "sides": 4,
            "rotation": 0,
            "sizeFrom": 0,
            "sizeTo": 64,
            "strokeFrom": 4,
            "strokeTo": 0,
            "colorFrom": "A9D8FFFF",
            "colorTo": "66B1FFFF"
	            },
	            {
            "type": "WaveEffect",
            "lifetime": 40,
            "sizeFrom": 0,
            "sizeTo": 104,
            "strokeFrom": 4,
            "strokeTo": 0,
            "colorFrom": "A9D8FFFF",
            "colorTo": "66B1FFFF"
	            }
			]
			},
            "trailEffect": {
            "type": "ParticleEffect",
            "particles": 1,
            "length": 0,
            "lifetime": 25,
            "sizeFrom": 20,
            "region": "exogenesis-star-wide",
            "colorFrom": "A9D8FFFF",
            "colorTo": "66B1FFFF"
            },
			"fragBullets": 10,
			"fragBullet": {
            "type": "ShrapnelBulletType",
            "serrations": 1,
            "lifetime": 25,
            "length": 52,
            "absorbable": false,
            "width": 10,
            "fromColor": "A9D8FFFF",
            "toColor": "66B1FFFF",
            "damage": 370
			}
			
		}
	},
	"consumes" : {
	"power": 80
	},
	"requirements": [
        "stellar-steel/520",
        "omega-blue/550",
        "silicon/1000",
        "osmium/500",
        "urbium/500"
	],
	"category": "turret",
	"research": "c-halley"
}
