{
	"type": "ItemTurret",
	"size": 8,
	"health": 8660,
	"range": 580,
	"reload" : 310,

	"targetAir" : false, 
	"recoil" : 6,
	"rotateSpeed": 1.5,
        "moveWhileCharging": false,
	"shake" : 10,
        "smoothReloadSpeed": 0.15,
        "shootWarmupSpeed": 0.05,
        "minWarmup": 0.8,
        "shoot": {
        "firstShotDelay": 80
        },
        "drawer": {
        "type": "drawTurret",
         "basePrefix": "quantra-"
         "parts": [
         {
         "type": "RegionPart",
         "colorTo": "BCFF73AA",
         "color": "BCFF7300",
         "progress": "warmup",
         "blending": "additive",
         "layerOffset": 0.002,
         "moveY": -7,
         "outline": false,
         "suffix": "-radiation-glow"
         },
         { 
        "type": "RegionPart",
         "progress": "warmup",
         "moveY": -7,
         "outlineLayerOffset": 0.001,
         "suffix": "-body"
          },
         { 
        "type": "RegionPart",
         "mirror": true,
         "under": true,
         "progress": "warmup",
          "moves": [
         {
         "type": "PartMove",
         "progress": "recoil",
         "rot": -7
         }
         ],
         "layerOffset": -0.001,
         "moveRot": -19,
         "moveY": -9,
          "moveX": 14,
          "x": 15,
         "suffix": "-wing-large"
         },
         { 
        "type": "RegionPart",
         "mirror": true,
         "under": true,
         "progress": "warmup",
         "layerOffset": -0.001,
         "moveRot": 9,
         "moveY": 12,
          "moveX": 3,
          "x": 15,
          "moves": [
         {
         "type": "PartMove",
          "progress": "recoil",
         "X": -9
         }
         ],
         "suffix": "-wingmain"
          },
          {
          "type": "RegionPart",
          "mirror": true,
          "progress": "warmup",
          "moves": [
         {
         "type": "PartMove",
         "progress": "recoil",
         "Y": -8
         "rot": -6
         }
         ],
          "x": 15,
          "under": true,
         "suffix": "-wingmain"
        }
        ]
        },     
	"shootSound": "matter",
	"chargeSound": "grinding",
	"ammoTypes": {
        "gamma-green": {
	"type" : "BasicBulletType",
	"sprite" : "exogenesis-plasma",
	"hitSoundVolume": 5,
        "hitSound": "largeExplosion",
        "scaleLife": true,
	"chargeEffect": {
	"type": "MultiEffect",
	"lifetime": 80,
        "rotWithParent": true,
        "followParent": true,
	"effects": [
       {
    "type": "ParticleEffect",
    "particles": 1,
    "sizeFrom": 1,
    "sizeTo": 20,
    "interp": "swing",
    "length": 0,
    "lifetime": 80,
    "colorFrom": "BCFF73FF",
    "colorTo": "BCFF73FF"
    },
    {     
    "type": "ParticleEffect",
    "line": true,
    "particles": 15,
    "lifetime": 30,
    "length": 45,
    "offset": 4,
    "baseLength": -45,
    "cone": -360,
    "lenFrom": 20,
    "lenTo": 0,
    "colorFrom": "BCFF73FF",
    "colorTo": "BCFF73B0"
	},
	{     
    "type": "WaveEffect",
    "lifetime": 70,
    "sizeFrom": 95,
    "sizeTo": 0,
    "strokeFrom": 0,
    "strokeTo": 7,
     "colorFrom": "BCFF73FF",
    "colorTo": "BCFF73B0"
	}
	]
	},
        "trailChance": 1,
        "trailRotation": true,
        "trailEffect": {
        "type": "ParticleEffect",
        "particles": 1,
        "sizeFrom": 20,
        "sizeTo": 13,
        "length": 0,
        "lifetime": 20,
        "colorFrom": "BCFF73FF",
        "colorTo": "BCFF7300"
        },
	"statusDuration": 150,
	"status": "exogenesis-xegon-fier",
	"absorbable": false,
	"splashDamage" : 7400,
        "collides": false,
        "scaledSplashDamage" : true,
	"splashDamageRadius" : 110,	
	"height" : 35,
	"width" : 35,
	"spin": 7,
	"hitShake" : 12,
	"speed": 3,
	"hitSize": 30,
	"lifetime" : 160,
	"buildingDamageMultiplier": 0.7,
	"shrinkX": 0,
	"shrinkY": 0,
        "hitEffect": {
        "type": "multiEffect",
        "effects": [
        {
        "type": "ParticleEffect",
        "region": "exogenesis-raysingle",
        "lightOpacity": 0.5,
        "particles": 1,
        "length": 0,
        "randLength": false,
        "useRotation": false,
        "casingFlip": true,
        "lifetime": 200,
        "interp": "circleOut",
        "sizeInterp": "pow5In",
        "lightColor": "BCFF73FF",
        "sizeFrom": 224,
        "sizeTo": 1,
        "colorFrom": "BCFF73FF",
        "colorTo": "BCFF73B0"
        },
        {
         "type": "ParticleEffect",
      "lifetime": 200,
      "length": 0,
      "sizeFrom": 65,
      "sizeTo": 0,
      "spin": 1,
      "interp": "circleOut",
      "sizeInterp": "pow5In",
      "particles": 1,
      "region": "exogenesis-plasma-gas1",
      "colorFrom": "BCFF73FF",
      "colorTo": "BCFF73FF"
      },
      {
      "type": "ParticleEffect",
      "lifetime": 200,
      "length": 0,
      "sizeFrom": 85,
      "sizeTo": 0,
      "interp": "circleOut",
      "sizeInterp": "pow5In",
      "spin": 2,
      "particles": 1,
      "region": "exogenesis-plasma-gas2",
      "colorFrom": "BCFF73AA",
      "colorTo": "BCFF73AA"
      },
      {
      "type": "ParticleEffect",
      "lifetime": 200,
      "length": 0,
      "sizeFrom": 105,
      "sizeTo": 0,
      "interp": "circleOut",
      "sizeInterp": "pow5In",
      "spin": 3,
      "particles": 1,
      "region": "exogenesis-plasma-gas3",
      "colorFrom": "BCFF7390",
      "colorTo": "BCFF7390"
       }
       {
        "type": "ParticleEffect",
        "lightOpacity": 0.5,
        "particles": 30,
        "length": 130,
        "baseLength": 30,
        "lifetime": 180,
        "interp": "circleOut",
        "sizeInterp": "pow5In",
        "lightColor": "BCFF73FF",
        "sizeFrom": 24,
        "sizeTo": 1,
        "colorFrom": "BCFF73FF",
        "colorTo": "7FD957B0"
        },
        {
        "type": "ParticleEffect",
        "lightOpacity": 0.5,
        "particles": 20,
        "length": 150,
        "baseLength": 30,
        "lifetime": 130,
        "interp": "circleOut",
        "sizeInterp": "pow5In",
        "lightColor": "DBFFBDFF",
        "sizeFrom": 30,
        "sizeTo": 0,
         "colorFrom": "BCFF73FF",
        "colorTo": "7FD957B0"
        },
        {
        "type": "ParticleEffect",
        "line": true,
        "particles": 35,
        "lifetime": 60,
        "length": 175,
        "offset": 40,
        "strokeFrom": 5,
        "strokeTo": 0,
        "lightColor": "BCFF73FF",
        "cone": -360,
        "lenFrom": 20,
        "lenTo": 0,
        "colorFrom": "BCFF73FF",
        "colorTo": "7FD957FF"
        },
        {
        "type": "ParticleEffect",
        "particles": 40,
        "offset": 50,
        "length": 250,
        "lifetime": 70,
        "interp": "pow3In",
        "sizeInterp": "pow5Out",
        "cone": 360,
	"colorFrom": "BCFF73FF",
        "colorTo": "BCFF73FF",
        "sizeFrom": 8,
        "sizeTo": 1
        },
        {
        "type": "ParticleEffect",
        "particles": 40,
        "offset": 50,
        "length": 300,
        "lifetime": 90,
        "interp": "pow3In",
        "sizeInterp": "pow5Out",
        "cone": 360,
	"colorFrom": "BCFF73FF",
        "colorTo": "BCFF73FF",
        "sizeFrom": 9,
        "sizeTo": 1
        },
        {
        "type": "ParticleEffect",
        "particles": 40,
        "offset": 50,
        "length": 350,
        "lifetime": 110,
        "interp": "pow3In",
        "sizeInterp": "pow5Out",
        "cone": 360,
	"colorFrom": "BCFF73FF",
        "colorTo": "BCFF73FF",
        "sizeFrom": 11,
        "sizeTo": 1
        },
        {
        "type": "ParticleEffect",
        "particles": 40,
        "offset": 50,
        "length": 400,
        "lifetime": 56,
        "interp": "pow3In",
        "sizeInterp": "pow5Out",
        "cone": 360,
	"colorFrom": "BCFF73FF",
        "colorTo": "BCFF73FF",
        "sizeFrom": 8,
        "sizeTo": 1
        },
	    {     
        "type": "WaveEffect",
        "lifetime": 35,
        "sizeFrom": 0,
        "sizeTo": 200,
        "lightColor": "BCFF73FF",
        "interp": "circleOut",
        "strokeFrom": 19,
        "strokeTo": 0,
 	"colorFrom": "BCFF73AA",
        "colorTo": "BCFF73AA"
	    },
	    {     
        "type": "WaveEffect",
        "lifetime": 25,
        "sizeFrom": 0,
        "sizeTo": 130,
        "lightColor": "BCFF73FF",
        "interp": "circleOut",
        "strokeFrom": 10,
        "strokeTo": 0,
	"colorFrom": "BCFF73FF",
        "colorTo": "BCFF73FF",
        },
        {
        "type": "WaveEffect",
        "lifetime": 25,
        "sizeFrom": 0,
        "sizeTo": 100,
        "lightColor": "BCFF73FF",
        "interp": "circleOut",
        "strokeFrom": 7,
        "strokeTo": 0,
	"colorFrom": "BCFF73FF",
        "colorTo": "BCFF73FF",
        }
        ]
        },
	"shootEffect": {
	"type": "multiEffect",
        "effects": [
        {
	"type": "ParticleEffect",
        "particles": 30,
        "offset": 50,
        "length": 100,
        "lifetime": 50,
        "cone": 360,
	"colorFrom": "BCFF73FF",
        "colorTo": "BCFF73FF",
        "sizeFrom": 11,
        "sizeTo": 1
		},
		{
        "type": "WaveEffect",
        "lifetime": 25,
        "sizeFrom": 0,
        "sizeTo": 100,
        "lightColor": "BCFF73FF",
        "interp": "circleOut",
        "strokeFrom": 7,
        "strokeTo": 0,
        "colorFrom": "BCFF73FF",
        "colorTo": "BCFF73FF"
        }
        ]
        },
	 "frontColor": "FFFFFFFF",
	"backColor": "BCFF73FF"
	},
        "thorium": {
        "type" : "BasicBulletType",
	"sprite" : "exogenesis-plasma",
        "scaleLife": true,
	"chargeEffect": {
	"type": "MultiEffect",
	"lifetime": 80,
         "rotWithParent": true,
        "followParent": true,
	"effects": [
       {
    "type": "ParticleEffect",
    "particles": 1,
    "sizeFrom": 1,
    "sizeTo": 20,
    "interp": "swing",
    "length": 0,
    "lifetime": 80,
    "colorFrom": "BF92F9FF",
    "colorTo": "BF92F9FF"
    },
    {     
    "type": "ParticleEffect",
    "line": true,
    "particles": 15,
    "lifetime": 30,
    "length": 45,
    "offset": 4,
    "baseLength": -45,
    "cone": -360,
    "lenFrom": 20,
    "lenTo": 0,
    "colorFrom": "BF92F9FF",
    "colorTo": "BF92F9B0"
	},
	{     
    "type": "WaveEffect",
    "lifetime": 70,
    "sizeFrom": 95,
    "sizeTo": 0,
    "strokeFrom": 0,
    "strokeTo": 7,
     "colorFrom": "BF92F9FF",
    "colorTo": "BF92F9B0"
	}
	]
	},
        "trailChance": 1,
        "trailRotation": true,
        "trailEffect": {
        "type": "ParticleEffect",
        "particles": 1,
        "sizeFrom": 17,
        "sizeTo": 14,
        "length": 0,
        "lifetime": 20,
        "colorFrom": "BF92F9FF",
        "colorTo": "BF92F900"
        },
	"collides": false,	
	"statusDuration": 100,
	"status": "blasted",
	"absorbable": false,
	"splashDamage" : 1400,
        "scaledSplashDamage": true,
	"splashDamageRadius": 60,	
	"height" : 26,
	"width" : 26,
	"hitShake" : 12,
	"speed": 3,
	"hitSize": 30,
	"lifetime" : 160,
	"buildingDamageMultiplier": 0.3,
	"shrinkX": 0,
	"shrinkY": 0,
        "hitEffect": "reactorExplosion",
	"shootEffect": {
	"type": "multiEffect",
        "effects": [
        {
	"type": "ParticleEffect",
        "particles": 30,
        "offset": 50,
        "length": 100,
        "lifetime": 50,
        "cone": 360,
        "colorFrom": "BF92F9FF",
        "colorTo": "BF92F9FF",
        "sizeFrom": 11,
        "sizeTo": 1
		},
		{
        "type": "WaveEffect",
        "lifetime": 25,
        "sizeFrom": 0,
        "sizeTo": 100,
        "lightColor": "BF92F9FF",
        "interp": "circleOut",
        "strokeFrom": 7,
        "strokeTo": 0,
        "colorFrom": "BF92F9FF",
        "colorTo": "BF92F9FF"
        }
        ]
        },
	"frontColor": "FFFFFF",
        "backColor": "BF92F9FF"
        },
        "valvanite": {
        "type": "BasicBulletType",
        "shrinkY": 0.3,
        "shrinkX": 0.3,
        "damage": 60,
        "shootEffect": {
	"type": "multiEffect",
        "effects": [
        {
	"type": "ParticleEffect",
        "particles": 30,
        "offset": 50,
        "length": 100,
        "lifetime": 50,
        "cone": 360,
          "colorFrom": "73FFAEFF",
    "colorTo": "73FFAEFF"
        "sizeFrom": 8,
        "sizeTo": 1
		},
		{
        "type": "WaveEffect",
        "lifetime": 25,
        "sizeFrom": 0,
        "sizeTo": 100,
        "lightColor": "BF92F9FF",
        "interp": "circleOut",
        "strokeFrom": 11,
        "strokeTo": 0,
    "colorFrom": "73FFAEFF",
    "colorTo": "73FFAEFF"
        }
        ]
        },
"chargeEffect": {
	"type": "MultiEffect",
	"lifetime": 80,
         "rotWithParent": true,
        "followParent": true,
	"effects": [
       {
    "type": "ParticleEffect",
    "particles": 1,
    "sizeFrom": 1,
    "sizeTo": 14,
    "interp": "swing",
    "length": 0,
    "lifetime": 80,
    "colorFrom": "73FFAEFF",
    "colorTo": "73FFAEFF"
    },
    {     
    "type": "ParticleEffect",
    "line": true,
    "particles": 15,
    "lifetime": 30,
    "length": 45,
    "offset": 4,
    "baseLength": -45,
    "cone": -360,
    "lenFrom": 20,
    "lenTo": 0,
    "colorFrom": "73FFAEFF",
    "colorTo": "73FFAEB0"
	},
	{     
    "type": "WaveEffect",
    "lifetime": 70,
    "sizeFrom": 95,
    "sizeTo": 0,
    "strokeFrom": 0,
    "strokeTo": 7,
     "colorFrom": "73FFAEFF",
    "colorTo": "73FFAEB0"
	}
	]
	},
      "spawnBullets": [
    {
    "fragBullets": 18,
    "fragRandomSpread": 0,
    "fragVelocityMin": 0.75,
    "fragSpread": 4,
    "fragBullet": {
    "damage": 60,
    "buildingDamageMultiplier": 0.3,
    "shrinkX": 0,
    "shrinkY": 0,
    "speed": 6.5,
    "height" : 26,
    "width" : 20,
    "type": "BasicBulletType",
    "sprite": "large-orb",
    "bulletInterval": 1,
    "intervalBullet": {
       "type": "LightningBulletType",
    "status": "corroded",
	"lightningColor": "73FFAEFF",
	"damage": 48,
    "lightningLength": 10
    },
    "scaleLife": true,
    "lifetime": 90,
    "trailColor": "73FFAEFF",
    "trailLength": 8,
    "trailWidth": 3.5,
    "frontColor": "FFFFFF",
    "backColor": "73FFAEFF"
    },
    "type": "BulletType",
    "lifetime": 0
        }
        ],
        "instantDisappear": true
            }
	},
	"consumes" : {
	"power": 50
	},
	"requirements": [
        "lead/1250",
        "osmium/400",
        "valvanite/600",
        "silicon/700",
        "plastanium/400",
        "gamma-green/650"
	],
	"category": "turret",
	"research": "g-tsar"
}
