{
    "type": "ItemTurret",
    "size": 7,
    "health": 280,
    "reload": 12,
    "range": 300,
    "shake": 2,
   "inaccuracy": 4,
    "recoil": 4.5,
    "rotateSpeed": 2,
    "shoot": {
         "type": "ShootAlternate",
"barrels": 4,
"spread": 8,
"shots": 1
         },
    "drawer": {
    "type": "drawTurret",
    "basePrefix": "quantra-"
    },     
    "shootSound": "shootBig",
    "ammoTypes": {
        "thorium": {
        "type": "BasicBulletType",
        "speed": 7,
        "damage": 400,
        "lifetime": 40,
        "height": 34,
        "width": 18,
        "knockback": 2.4,
		"frontColor": "F9A3C7FF",
		"backColor": "CB8EBFFF",
        "shootEffect": "shootBig",
        "hitEffect": {
        "type": "multiEffect",
        "effects": [
        {
        "type": "ParticleEffect",
        "line": true,
        "particles": 25,
        "lifetime": 30,
        "offset": 60,
        "interp": "circleOut",
        "length": 55,
        "cone": -40,
        "strokeTo": 0,
        "lightColor": "F9A3C7FF",
        "strokeFrom": 2.5,
        "sizeFrom": 20,
        "sizeTo": 0,
        "colorFrom": "F9A3C7FF",
        "colorTo": "CB8EBFFF"
       },
       {
        "type": "ExplosionEffect",  
        "waveColor": "F9A3C7FF",
        "sparkColor": "F9A3C7FF",
        "smokes": 12,
        "smokeSize": 4.7,	
        "smokeSizeBase": 1.6,
        "smokeRad":	36,	
        "waveLife":	10,
        "waveStroke": 4.1,	
        "waveRad": 55,
        "waveRadBase": 2.0,
        "sparkLen": 7,
        "sparks": 12 
        }
        ]
        },
        "despawnEffect": {
        "type": "multiEffect",
        "effects": [
        {
        "type": "ParticleEffect",
        "line": true,
        "particles": 25,
        "lifetime": 30,
        "offset": 60,
        "interp": "circleOut",
        "length": 55,
        "cone": -40,
        "strokeTo": 0,
        "lightColor": "F9A3C7FF",
        "strokeFrom": 2.5,
        "sizeFrom": 20,
        "sizeTo": 0,
        "colorFrom": "F9A3C7FF",
        "colorTo": "CB8EBFFF"
       },
       {
        "type": "ExplosionEffect",  
        "waveColor": "F9A3C7FF",
        "sparkColor": "F9A3C7FF",
        "smokes": 12,
        "smokeSize": 4.7,	
        "smokeSizeBase": 1.6,
        "smokeRad":	36,	
        "waveLife":	10,
        "waveStroke": 4.1,	
        "waveRad": 55,
        "waveRadBase": 2.0,
        "sparkLen": 7,
        "sparks": 12 
        }
        ]
        },
        "pierceCap": 3,
        "pierce": true,
        "smokeEffect": "none"
        },
        "gamma-green": {
        "type": "BasicBulletType",
        "speed": 7,
        "damage": 700,
        "knockback": 0.8,
        "lifetime": 40,
        "splashDamageRadius": 30,
        "splashDamage": 100,
        "status": "exogenesis-irradiated",
        "statusDuration": 100,
        "height": 34,
        "width": 18,
        "frontColor": "FFFFFFF",
        "backColor": "73FFAEFF",
        "shootEffect": "shootBig",
        "hitEffect": {
        "type": "ExplosionEffect",  
        "waveColor": "73FFAEFF",
        "sparkColor": "73FFAEFF",
        "smokes": 12,
        "smokeSize": 4.7,	
        "smokeSizeBase": 1.6,
        "smokeRad":	36,	
        "waveLife":	10,
        "waveStroke": 4.1,	
        "waveRad": 55,
        "waveRadBase": 2.0,
        "sparkLen": 7,
        "sparks": 12 
        },
        "despawnEffect": {
        "type": "ExplosionEffect",  
        "waveColor": "73FFAEFF",
        "sparkColor": "73FFAEFF",
        "smokes": 12,
        "smokeSize": 4.7,	
        "smokeSizeBase": 1.6,
        "smokeRad":	36,	
        "waveLife":	10,
        "waveStroke": 4.1,	
        "waveRad": 55,
        "waveRadBase": 2.0,
        "sparkLen": 7,
        "sparks": 12 
        },
        "pierce": false,
        "smokeEffect": "shootBigSmoke2"
        }, 
        "phase-fabric": {
        "type": "BasicBulletType",
        "speed": 7,
        "lifetime": 40,
        "status": "slow",
        "statusDuration": 100,
        "damage": 200,
        "shootEffect": "shootBig",
        "homingPower": 0.00368,
        "homingRange": 80,
        "knockback": -1.2,
        "height": 34,
        "width": 18,
		"frontColor":"FFD59EFF" ,
		"backColor": "F19583FF",
        "hitEffect": {
        "type": "ExplosionEffect",  
        "waveColor": "FFD59EFF",
        "sparkColor": "FFD59EFF",
        "smokes": 12,
        "smokeSize": 4.7,	
        "smokeSizeBase": 1.6,
        "smokeRad":	36,	
        "waveLife":	10,
        "waveStroke": 4.1,	
        "waveRad": 55,
        "waveRadBase": 2.0,
        "sparkLen": 7,
        "sparks": 12 
        },
        "despawnEffect": {
        "type": "ExplosionEffect",  
        "waveColor": "FFD59EFF",
        "sparkColor": "FFD59EFF",
        "smokes": 12,
        "smokeSize": 4.7,	
        "smokeSizeBase": 1.6,
        "smokeRad":	36,	
        "waveLife":	10,
        "waveStroke": 4.1,	
        "waveRad": 55,
        "waveRadBase": 2.0,
        "sparkLen": 7,
        "sparks": 12 
        },
        "smokeEffect": "none",
        "fragBullets": 3,
		"fragBullet": {
		"type": "LaserBulletType",
        "length": 150,
        "width": 20,
        "damage": 165,
        "hitEffect": {
        "type": "ParticleEffect",
        "line": true,
        "particles": 5,
        "lifetime": 30,
        "offset": 60,
        "interp": "circleOut",
        "length": 55,
        "cone": -40,
        "strokeTo": 0,
        "lightColor": "FFF3D6FF",
        "strokeFrom": 2.5,
        "sizeFrom": 20,
        "sizeTo": 0,
        "colorFrom": "FFF3D6FF",
        "colorTo": "FFD59EFF"   
        },
        "colors": ["F19583AA", "FFD59EFF", "FFF3D6FF"],
        "sideAngle": 25,
        "sideLength": 32,
        "sideWidth": 1
		     }
      }
    },
    "requirements": [
        "thorium/400",
        "surge-alloy/370",
        "gamma-green/100",
        "titanium/400",
        "silicon/270",
        "graphite/600"
    ],
    "category": "turret",
    "research": "g-quarker"
}
