{
	"type": "itemTurret",
	"health": 1900,
    "coolantMultiplier": 1.0,
    "reload": 185,
    "outlineColor": "1B1B1BFF",
    "ammoUseEffect": "casing4",
    "range": 450,
    "recoil": 7,
    "shake": 5,
    "size":  5,
    "shootSound": "shootBig",
    "drawer": {
    "type": "drawTurret",
    "basePrefix": "solran-"
    },
    "ammoTypes": {
    "volcanite": {
    "speed": 7,
    "height": 43,
    "width": 32,
    "lifetime": 80,
    "damage": 1000,
    "knockback": 13,
	"frontColor": "FFFFFFF",
    "backColor": "403F3FFF",
    "shootEffect": {
    "type": "multiEffect",
    "effects": [
    {
    "type": "ParticleEffect",
    "particles": 1,
    "lifetime": 15,
    "length": 0,
    "interp": "swingIn",
    "region": "exogenesis-tall",
    "sizeFrom": 46,
    "sizeTo": 0,
    "colorFrom": "403F3FFF",
    "colorTo": "403F3FFF"
    },
    {
    "type": "ParticleEffect",
    "particles": 1,
    "length": 0,
    "lifetime": 15,
    "interp": "swingIn",
    "region": "exogenesis-spikething",
    "offsetX": 10,
    "sizeFrom": 25,
    "sizeTo": 1,
    "colorFrom": "403F3FFF",
    "colorTo": "403F3FFF"
    }
    ]
    },
    "hitEffect": {
    "type": "multiEffect",
    "effects": [
    {
    "type": "ParticleEffect",
    "lightOpacity": 0,
    "particles": 25,
    "length": 60,
    "baseLength": 10,
    "lifetime": 100,
    "interp": "circleOut",
    "sizeInterp": "pow5In",
    "sizeFrom": 13,
    "sizeTo": 1,
    "colorFrom": "3F3F3FFF",
    "colorTo": "3F3F3FD8"
    },
    {
    "type": "ParticleEffect",
    "lightOpacity": 0,
    "particles": 20,
    "length": 50,
    "baseLength": 10,
    "lifetime": 85,
    "interp": "circleOut",
    "sizeInterp": "pow5In",
    "sizeFrom": 9.5,
    "sizeTo": 1,
    "colorFrom": "3F3F3FFF",
    "colorTo": "3F3F3FD8"
    },
    { 
    "type": "ParticleEffect",
    "lightOpacity": 0,
    "particles": 20,
    "length": 40,
    "baseLength": 10,
    "lifetime": 65,
    "interp": "circleOut",
    "sizeInterp": "pow5In",
    "sizeFrom": 6.5,
    "sizeTo": 1,
    "colorFrom": "3F3F3FFF",
    "colorTo": "3F3F3FD8"
    },
    {    
    "type": "ParticleEffect",
    "line": true,
    "particles": 20,
    "lifetime": 30,
    "length": 125,
    "cone": -360,
    "lenFrom": 9,
    "lenTo": 0,
    "strokeFrom": 2.3,
    "strokeTo": 0,
    "colorFrom": "FFFFFFF",
    "colorTo": "403F3FFF"
    }
    ]    
    },
    "despawnEffect": {
    "type": "multiEffect",
    "effects": [
    {
     "type": "ParticleEffect",
    "lightOpacity": 0,
    "particles": 25,
    "length": 60,
    "baseLength": 10,
    "lifetime": 100,
    "interp": "circleOut",
    "sizeInterp": "pow5In",
    "sizeFrom": 13,
    "sizeTo": 1,
    "colorFrom": "3F3F3FFF",
    "colorTo": "3F3F3FD8"
    },
    {
    "type": "ParticleEffect",
    "lightOpacity": 0,
    "particles": 20,
    "length": 50,
    "baseLength": 10,
    "lifetime": 85,
    "interp": "circleOut",
    "sizeInterp": "pow5In",
    "sizeFrom": 9.5,
    "sizeTo": 1,
    "colorFrom": "3F3F3FFF",
    "colorTo": "3F3F3FD8"
    },
    { 
    "type": "ParticleEffect",
    "lightOpacity": 0,
    "particles": 20,
    "length": 40,
    "baseLength": 10,
    "lifetime": 65,
    "interp": "circleOut",
    "sizeInterp": "pow5In",
    "sizeFrom": 6.5,
    "sizeTo": 1,
    "colorFrom": "3F3F3FFF",
    "colorTo": "3F3F3FD8"
    },
    {    
    "type": "ParticleEffect",
    "line": true,
    "particles": 20,
    "lifetime": 30,
    "length": 125,
    "cone": -360,
    "lenFrom": 9,
    "lenTo": 0,
    "strokeFrom": 2.3,
    "strokeTo": 0,
    "colorFrom": "FFFFFFF",
    "colorTo": "403F3FFF"
    }
    ]    
    },
    "trailColor": "403F3FFF",
    "trailParam": 5,
    "trailLength": 15,
    "trailWidth": 5
    },
    "silicon": {
    "speed": 7,
    "height": 43,
    "width": 32,
    "lifetime": 80,
    "damage": 1600,
    "knockback": 18,
    "homingPower": 0.08,
    "homingRange": 70,
    "frontColor": "FFFFFFF",
    "backColor": "8E9097FF",
    "shootEffect": {
    "type": "multiEffect",
    "effects": [
    {
    "type": "ParticleEffect",
    "particles": 1,
    "lifetime": 15,
    "length": 0,
    "interp": "swingIn",
    "region": "exogenesis-tall",
    "sizeFrom": 46,
    "sizeTo": 0,
    "colorFrom": "8E9097FF",
    "colorTo": "8E9097FF"
    },
    {
    "type": "ParticleEffect",
    "particles": 1,
    "length": 0,
    "lifetime": 15,
    "interp": "swingIn",
    "region": "exogenesis-spikething",
    "offsetX": 10,
    "sizeFrom": 25,
    "sizeTo": 1,
    "colorFrom": "8E9097FF",
    "colorTo": "8E9097FF"
    }
    ]
    },
    "hitEffect": {
    "type": "multiEffect",
    "effects": [
    {
    "type": "WaveEffect",
    "lifetime": 15,
    "sizeFrom": 0,
    "sizeTo": 85,
    "interp": "circleOut",
    "strokeFrom": 3,
    "strokeTo": 0,
    "colorFrom": "8E9097FF",
    "colorTo": "8E9097FF"
    },
    {
   "type": "ParticleEffect",
    "lightOpacity": 0,
    "particles": 25,
    "length": 60,
    "baseLength": 10,
    "lifetime": 100,
    "interp": "circleOut",
    "sizeInterp": "pow5In",
    "sizeFrom": 13,
    "sizeTo": 1,
    "colorFrom": "3F3F3FFF",
    "colorTo": "3F3F3FD8"
    },
    {
    "type": "ParticleEffect",
    "lightOpacity": 0,
    "particles": 20,
    "length": 50,
    "baseLength": 10,
    "lifetime": 85,
    "interp": "circleOut",
    "sizeInterp": "pow5In",
    "sizeFrom": 9.5,
    "sizeTo": 1,
    "colorFrom": "3F3F3FFF",
    "colorTo": "3F3F3FD8"
    },
    { 
    "type": "ParticleEffect",
    "lightOpacity": 0,
    "particles": 20,
    "length": 40,
    "baseLength": 10,
    "lifetime": 65,
    "interp": "circleOut",
    "sizeInterp": "pow5In",
    "sizeFrom": 6.5,
    "sizeTo": 1,
    "colorFrom": "3F3F3FFF",
    "colorTo": "3F3F3FD8"
    },
    {    
    "type": "ParticleEffect",
    "line": true,
    "particles": 20,
    "lifetime": 30,
    "length": 125,
    "cone": -360,
    "lenFrom": 9,
    "lenTo": 9,
    "strokeFrom": 6,
    "strokeTo": 0,
    "colorFrom": "FFFFFFF",
    "colorTo": "8E9097FF"
    }
    ]    
    },
    "despawnEffect": {
    "type": "multiEffect",
    "effects": [
    {
    "type": "WaveEffect",
    "lifetime": 15,
    "sizeFrom": 0,
    "sizeTo": 85,
    "interp": "circleOut",
    "strokeFrom": 3,
    "strokeTo": 0,
    "colorFrom": "8E9097FF",
    "colorTo": "8E9097FF"
    },
    {
   "type": "ParticleEffect",
    "lightOpacity": 0,
    "particles": 25,
    "length": 60,
    "baseLength": 10,
    "lifetime": 100,
    "interp": "circleOut",
    "sizeInterp": "pow5In",
    "sizeFrom": 13,
    "sizeTo": 1,
    "colorFrom": "3F3F3FFF",
    "colorTo": "3F3F3FD8"
    },
    {
    "type": "ParticleEffect",
    "lightOpacity": 0,
    "particles": 20,
    "length": 50,
    "baseLength": 10,
    "lifetime": 85,
    "interp": "circleOut",
    "sizeInterp": "pow5In",
    "sizeFrom": 9.5,
    "sizeTo": 1,
    "colorFrom": "3F3F3FFF",
    "colorTo": "3F3F3FD8"
    },
    { 
    "type": "ParticleEffect",
    "lightOpacity": 0,
    "particles": 20,
    "length": 40,
    "baseLength": 10,
    "lifetime": 65,
    "interp": "circleOut",
    "sizeInterp": "pow5In",
    "sizeFrom": 6.5,
    "sizeTo": 1,
    "colorFrom": "3F3F3FFF",
    "colorTo": "3F3F3FD8"
    },
    {    
    "type": "ParticleEffect",
    "line": true,
    "particles": 20,
    "lifetime": 30,
    "length": 125,
    "cone": -360,
    "lenFrom": 9,
    "lenTo": 9,
    "strokeFrom": 6,
    "strokeTo": 0,
    "colorFrom": "FFFFFFF",
    "colorTo": "8E9097FF"
    }
    ]    
    },
    "trailColor": "8E9097FF",
    "trailParam": 5,
    "trailLength": 15,
    "trailWidth": 5
    },
    "primal-red": {
    "status": "exogenesis-molten1",
	"statusDuration": "100",
    "speed": 7,
    "height": 43,
    "width": 32,
    "lifetime": 80,
    "damage": 2000 ,
    "splashDamage": 250,
    "splashDamageRadius": 50,
    "knockback": 25,
    "frontColor": "FFC1BBFF",
    "backColor": "FF5845FF",
    "shootEffect": {
    "type": "multiEffect",
    "effects": [
    {
    "type": "ParticleEffect",
    "particles": 1,
    "lifetime": 15,
    "length": 0,
    "interp": "swingIn",
    "region": "exogenesis-tall",
    "sizeFrom": 46,
    "sizeTo": 0,
    "colorFrom": "FF5845FF",
    "colorTo": "FF5845FF"
    },
    {
    "type": "ParticleEffect",
    "particles": 1,
    "length": 0,
    "lifetime": 15,
    "interp": "swingIn",
    "region": "exogenesis-spikething",
    "offsetX": 10,
    "sizeFrom": 25,
    "sizeTo": 1,
    "colorFrom": "FF5845FF",
    "colorTo": "FF5845FF"
    }
    ]
    },
    "hitEffect": {
    "type": "multiEffect",
    "effects": [
    {
    "type": "WaveEffect",
    "lifetime": 15,
    "sizeFrom": 0,
    "sizeTo": 85,
    "interp": "circleOut",
    "strokeFrom": 4,
    "strokeTo": 0,
    "colorFrom": "FF5845FF",
    "colorTo": "FF5845FF"
    },
    {
   "type": "ParticleEffect",
    "lightOpacity": 0,
    "particles": 25,
    "length": 60,
    "baseLength": 10,
    "lifetime": 100,
    "interp": "circleOut",
    "sizeInterp": "pow5In",
    "sizeFrom": 13,
    "sizeTo": 1,
    "colorFrom": "3F3F3FFF",
    "colorTo": "3F3F3FD8"
    },
    {
    "type": "ParticleEffect",
    "lightOpacity": 0,
    "particles": 20,
    "length": 50,
    "baseLength": 10,
    "lifetime": 85,
    "interp": "circleOut",
    "sizeInterp": "pow5In",
    "sizeFrom": 9.5,
    "sizeTo": 1,
    "colorFrom": "3F3F3FFF",
    "colorTo": "3F3F3FD8"
    },
    { 
    "type": "ParticleEffect",
    "lightOpacity": 0,
    "particles": 20,
    "length": 40,
    "baseLength": 10,
    "lifetime": 65,
    "interp": "circleOut",
    "sizeInterp": "pow5In",
    "sizeFrom": 6.5,
    "sizeTo": 1,
    "colorFrom": "3F3F3FFF",
    "colorTo": "3F3F3FD8"
    },
    {    
    "type": "ParticleEffect",
    "line": true,
    "particles": 10,
    "lifetime": 30,
    "length": 155,
    "cone": -30,
    "lenFrom": 7,
    "lenTo": 0,
    "strokeFrom": 5,
    "strokeTo": 3,
    "colorFrom": "FFFFFFF",
    "colorTo": "FF5845FF"
    },
    {
    "type": "ParticleEffect",
    "line": true,
    "particles": 20,
    "lifetime": 30,
    "length": 125,
    "cone": -360,
    "lenFrom": 10,
    "lenTo": 10,
    "strokeFrom": 4,
    "strokeTo": 0,
    "colorFrom": "FFFFFFF",
    "colorTo": "FF5845FF"
    }
    ]    
    },
    "despawnEffect": {
    "type": "multiEffect",
    "effects": [
    {
    "type": "WaveEffect",
    "lifetime": 15,
    "sizeFrom": 0,
    "sizeTo": 85,
    "interp": "circleOut",
    "strokeFrom": 4,
    "strokeTo": 0,
    "colorFrom": "FF5845FF",
    "colorTo": "FF5845FF"
    },
    {
   "type": "ParticleEffect",
    "lightOpacity": 0,
    "particles": 25,
    "length": 60,
    "baseLength": 10,
    "lifetime": 100,
    "interp": "circleOut",
    "sizeInterp": "pow5In",
    "sizeFrom": 13,
    "sizeTo": 1,
    "colorFrom": "3F3F3FFF",
    "colorTo": "3F3F3FD8"
    },
    {
    "type": "ParticleEffect",
    "lightOpacity": 0,
    "particles": 20,
    "length": 50,
    "baseLength": 10,
    "lifetime": 85,
    "interp": "circleOut",
    "sizeInterp": "pow5In",
    "sizeFrom": 9.5,
    "sizeTo": 1,
    "colorFrom": "3F3F3FFF",
    "colorTo": "3F3F3FD8"
    },
    { 
    "type": "ParticleEffect",
    "lightOpacity": 0,
    "particles": 20,
    "length": 40,
    "baseLength": 10,
    "lifetime": 65,
    "interp": "circleOut",
    "sizeInterp": "pow5In",
    "sizeFrom": 6.5,
    "sizeTo": 1,
    "colorFrom": "3F3F3FFF",
    "colorTo": "3F3F3FD8"
    },
    {   
    "type": "ParticleEffect",
    "line": true,
    "particles": 10,
    "lifetime": 30,
    "length": 155,
    "cone": -30,
    "lenFrom": 9,
    "lenTo": 9,
    "strokeFrom": 7,
    "strokeTo": 0,
    "colorFrom": "FFFFFFF",
    "colorTo": "FF5845FF"
    },
    {
    "type": "ParticleEffect",
    "line": true,
    "particles": 20,
    "lifetime": 30,
    "length": 125,
    "cone": -360,
    "lenFrom": 10,
    "lenTo": 10,
    "strokeFrom": 4,
    "strokeTo": 0,
    "colorFrom": "FFFFFFF",
    "colorTo": "FF5845FF"
    }
    ]    
    },
    "trailColor": "FF5845FF",
    "trailParam": 5,
    "trailLength": 15,
    "trailWidth": 5
    }
    },
    "consumes": {
	"liquid": {
	"liquid": "slag",
	"optional": true,
	"update": false,
	"amount": 0.4
	}
	},
	"requirements": [
	"tungsten/350",
        "silicon/790",
        "thorium/470",
        "volcanite/800",
        "beryllium/800",
        "primal-red/600"
	],
	"category": "turret",
	"research": "r-demon"
}
