{
    "type": "ItemTurret",
    "researchCostMultiplier": 0.2,
    "size": 2,
    "health": 240,
    "reload": 30,
    "range": 140,
    "maxAmmo": 20,
    "outlineColor": "1B1B1BFF",
    "recoil": 0.7,
    "rotateSpeed": 3,
     "shoot": {
         "type": "ShootAlternate",
         "shots": 1,
         "spread": 7
         },
    "drawer": {
    "type": "drawTurret",
    "basePrefix": "solran-"
    },
    "shootSound": "shoot",
    "ammoTypes": {
        "beryllium": {
        "type": "BasicBulletType",
        "speed": 4,
        "lifetime": 57,
        "damage": 39,
        "height": 16,
        "width": 12,
        "trailParam": 5,
        "trailLength": 8,
        "trailWidth": 3,
        "knockback": 0.5,
        "hitEffect": "hitBulletSmall",
        "despawnEffect": "hitBulletSmall",
        "smokeEffect": "none"
        },
        "graphite": {
        "type": "BasicBulletType",
        "speed": 4,
        "damage": 29,
        "lifetime": 57,
        "height": 16,
        "width": 12,
        "hitEffect": "blastExplosion",
        "despawnEffect": "blastExplosion",
        "pierce": true,
        "knockback": 0.7,
        "trailColor": "6B77A1FF",
        "trailParam": 5,
        "trailLength": 8,
        "trailWidth": 3,
        "smokeEffect": "none",
        "frontColor": "95ABD9FF",
        "backColor": "6B77A1FF"
        },
        "volcanite": {
        "type": "BasicBulletType",
        "speed": 4,
        "damage": 53,
        "knockback": 1.8,
        "lifetime": 57,
	    "frontColor": "FFFFFFF",
        "backColor": "403F3FFF",
        "trailColor": "403F3FFF",
        "trailParam": 5,
        "trailLength": 8,
        "trailWidth": 3,
        "height": 16,
        "width": 12,
        "hitEffect": "blockExplosionSmoke",
        "despawnEffect": "blockExplosionSmoke",
        "smokeEffect": "none"
        }
    },
    "consumes": {
	"liquid": {
	"liquid": "slag",
	"optional": true,
	"update": false,
	"amount": 0.4
	}
	},
    "requirements": [
        "beryllium/100",
	 "graphite/80",
        "volcanite/40"
    ],
    "category": "turret",
    "research": "r-pyro"
}

