{
"type": "ItemTurret",
"size": 6,
"health": 4680,
"range": 300,
"reload": 100,
"outlineColor": "1B1B1BFF",
"shootSound": "bang",
"rotateSpeed": 2.5,
"shake": 4.5,
"consumes": {
"liquid": {
"liquid": "slag",
"optional": true,
"update": false,
"amount": 0.4
}
},
  "inaccuracy": 6,
    "drawer": {
    "type": "drawTurret",
    "basePrefix": "solran-"
    },
     "shoot": {
         "type": "ShootAlternate",
"spread": 11,
"barrels": 3,
"shots": 1
         },
"heatColor": "5B4CB0FF",
"recoil": 3,
"ammoTypes": {
	"thorium": {
	"type": "MissileBulletType",
	"speed": 5,
	"damage": 700,
	"hitShake": 8,
	"sprite": "exogenesis-warhead",
    "height": 30,
    "width": 20,
    "splashDamage": 200,
	"splashDamageRadius": 50,
    "trailEffect": "none",
    "trailColor": "CB8EBFFF",
    "trailLength": 16,
    "trailWidth": 4,
    "hitEffect": {
    "type": "multiEffect",
    "effects": [
    {
    "type": "WaveEffect",
    "lifetime": 15,
    "sizeFrom": 0,
    "sizeTo": 105,
    "interp": "circleOut",
    "strokeFrom": 5,
    "strokeTo": 0,
    "lightColor": "CB8EBFFF",
    "colorFrom": "CB8EBFFF",
    "colorTo": "CB8EBFD8"
    },
    {
    "type": "ParticleEffect",
    "lightOpacity": 0,
    "particles": 25,
    "length": 90,
    "baseLength": 10,
    "lifetime": 100,
    "interp": "circleOut",
    "sizeInterp": "pow5In",
    "sizeFrom": 13,
    "sizeTo": 1,
    "colorFrom": "3F3F3FFF",
    "colorTo": "3F3F3FD8"
    },
    {
    "type": "ParticleEffect",
    "lightOpacity": 0,
    "particles": 25,
    "length": 90,
    "baseLength": 10,
    "lifetime": 100,
    "interp": "circleOut",
    "sizeInterp": "pow5In",
    "sizeFrom": 13,
    "sizeTo": 1,
    "colorFrom": "3F3F3FFF",
    "colorTo": "3F3F3FD8"
    },
    {
    "type": "ParticleEffect",
    "particles": 20,
    "length": 100,
    "baseLength": 10,
    "lifetime": 90,
    "interp": "circleOut",
    "sizeInterp": "pow5In",
    "sizeFrom": 2.5,
    "sizeTo": 0,
    "lightColor": "CB8EBFFF",
    "colorFrom": "CB8EBFFF",
    "colorTo": "CB8EBFD8"
    },
    { 
    "type": "ParticleEffect",
    "lightOpacity": 0,
    "particles": 20,
    "length": 100,
    "baseLength": 10,
    "lifetime": 80,
    "interp": "circleOut",
    "sizeInterp": "pow5In",
    "sizeFrom": 6.5,
    "sizeTo": 1,
    "colorFrom": "3F3F3FFF",
    "colorTo": "3F3F3FD8"
    },
    {    
    "type": "ParticleEffect",
    "line": true,
    "particles": 10,
    "lifetime": 30,
    "length": 175,
    "cone": -360,
    "lenFrom": 7,
    "lenTo": 7,
    "lightColor": "CB8EBFFF",
    "strokeFrom": 7,
    "strokeTo": 0,
    "colorFrom": "F9A3C7FF",
    "colorTo": "CB8EBFFF"
    },
    {
    "type": "ParticleEffect",
    "line": true,
    "particles": 20,
    "lifetime": 30,
    "length": 145,
    "cone": -360,
    "lenFrom": 10,
    "lenTo": 10,
    "lightColor": "CB8EBFFF",
    "strokeFrom": 4,
    "strokeTo": 0,
    "colorFrom": "F9A3C7FF",
    "colorTo": "CB8EBFFF"
    }
    ]    
    },
    "shootEffect": {
    "type": "ParticleEffect",
    "particles": 1,
    "length": 0,
    "lifetime": 15,
    "interp": "swingIn",
    "region": "exogenesis-spikething",
    "offsetX": 8,
    "sizeFrom": 25,
    "sizeTo": 1,
    "colorFrom": "CB8EBFFF",
    "colorTo": "CB8EBFFF"
    },
	"despawnEffect": {
    "type": "multiEffect",
    "effects": [
    {
    "type": "WaveEffect",
    "lifetime": 15,
    "sizeFrom": 0,
    "sizeTo": 105,
    "interp": "circleOut",
    "strokeFrom": 5,
    "strokeTo": 0,
    "lightColor": "CB8EBFFF",
    "colorFrom": "CB8EBFFF",
    "colorTo": "CB8EBFD8"
    },
    {
    "type": "ParticleEffect",
    "lightOpacity": 0,
    "particles": 25,
    "length": 90,
    "baseLength": 10,
    "lifetime": 100,
    "interp": "circleOut",
    "sizeInterp": "pow5In",
    "sizeFrom": 13,
    "sizeTo": 1,
    "colorFrom": "3F3F3FFF",
    "colorTo": "3F3F3FD8"
    },
    {
    "type": "ParticleEffect",
    "lightOpacity": 0,
    "particles": 25,
    "length": 90,
    "baseLength": 10,
    "lifetime": 100,
    "interp": "circleOut",
    "sizeInterp": "pow5In",
    "sizeFrom": 13,
    "sizeTo": 1,
    "colorFrom": "3F3F3FFF",
    "colorTo": "3F3F3FD8"
    },
    {
      "type": "ParticleEffect",
    "particles": 20,
    "length": 100,
    "baseLength": 10,
    "lifetime": 90,
    "interp": "circleOut",
    "sizeInterp": "pow5In",
    "sizeFrom": 2.5,
    "sizeTo": 0,
    "lightColor": "CB8EBFFF",
    "colorFrom": "CB8EBFFF",
    "colorTo": "CB8EBFD8"
    },
    { 
    "type": "ParticleEffect",
    "lightOpacity": 0,
    "particles": 20,
    "length": 100,
    "baseLength": 10,
    "lifetime": 80,
    "interp": "circleOut",
    "sizeInterp": "pow5In",
    "sizeFrom": 6.5,
    "sizeTo": 1,
    "colorFrom": "3F3F3FFF",
    "colorTo": "3F3F3FD8"
    },
    {    
    "type": "ParticleEffect",
    "line": true,
    "particles": 10,
    "lifetime": 30,
    "length": 175,
    "cone": -360,
    "lenFrom": 7,
    "lenTo": 7,
    "lightColor": "CB8EBFFF",
    "strokeFrom": 7,
    "strokeTo": 0,
    "colorFrom": "F9A3C7FF",
    "colorTo": "CB8EBFFF"
    },
    {
    "type": "ParticleEffect",
    "line": true,
    "particles": 20,
    "lifetime": 30,
    "length": 145,
    "cone": -360,
    "lenFrom": 10,
    "lenTo": 10,
    "lightColor": "CB8EBFFF",
    "strokeFrom": 4,
    "strokeTo": 0,
    "colorFrom": "F9A3C7FF",
    "colorTo": "CB8EBFFF"
    }
    ]    
    },
	"lifetime": 70,
    "frontColor": "F9A3C7FF",
    "backColor": "CB8EBFFF",
	"homingPower": 0.06,
	"homingRange": 120,
	"weaveScale": 0,
    "weaveMag": 0,
    "fragBullets": 9,
	"fragBullet": {
    "type": "BasicBulletType",
    "speed": 5,
    "trailColor": "CB8EBFFF",
    "trailParam": 5,
    "trailLength": 10,
    "trailWidth": 3,
    "lifetime": 60,
    "damage": 100,
    "homingRange": 200,
    "homingPower": 0.07,
    "height": 12,
    "width": 12,
    "hitEffect": "thoriumShoot",
    "despawnEffect": "thoriumShoot",
    "pierce": true,
    "frontColor": "F9A3C7FF",
    "backColor": "CB8EBFFF"
	}
	},
    "surge-alloy": {
	"type": "MissileBulletType",
	"speed": 5,
	"status": "shocked",
	"statusDuration": 100,
	"damage": 1000,
	"splashDamage": 300,
	"splashDamageRadius": 50,
	"hitShake": 8,
	"sprite": "exogenesis-warhead",
    "height": 30,
    "width": 20,
    "trailEffect": "none",
    "trailColor": "F3E979FF",
    "trailLength": 16,
    "trailWidth": 4,
    "hitEffect": {
    "type": "multiEffect",
    "effects": [
    {
    "type": "WaveEffect",
    "lifetime": 15,
    "sizeFrom": 0,
    "sizeTo": 105,
    "interp": "circleOut",
    "strokeFrom": 5,
    "strokeTo": 0,
    "lightColor": "F3E979FF",
    "colorFrom": "F3E979FF",
    "colorTo": "F3E979D8"
    },
    {
    "type": "ParticleEffect",
    "lightOpacity": 0,
    "particles": 25,
    "length": 90,
    "baseLength": 10,
    "lifetime": 100,
    "interp": "circleOut",
    "sizeInterp": "pow5In",
    "sizeFrom": 13,
    "sizeTo": 1,
    "colorFrom": "3F3F3FFF",
    "colorTo": "3F3F3FD8"
    },
    {
    "type": "ParticleEffect",
    "lightOpacity": 0,
    "particles": 25,
    "length": 90,
    "baseLength": 10,
    "lifetime": 100,
    "interp": "circleOut",
    "sizeInterp": "pow5In",
    "sizeFrom": 13,
    "sizeTo": 1,
    "colorFrom": "3F3F3FFF",
    "colorTo": "3F3F3FD8"
    },
    {
    "type": "ParticleEffect",
    "particles": 20,
    "length": 100,
    "baseLength": 10,
    "lifetime": 90,
    "interp": "circleOut",
    "sizeInterp": "pow5In",
    "sizeFrom": 2.5,
    "sizeTo": 0,
    "lightColor": "F3E979FF",
    "colorFrom": "F3E979FF",
    "colorTo": "F3E979D8"
    },
    { 
    "type": "ParticleEffect",
    "lightOpacity": 0,
    "particles": 20,
    "length": 100,
    "baseLength": 10,
    "lifetime": 80,
    "interp": "circleOut",
    "sizeInterp": "pow5In",
    "sizeFrom": 6.5,
    "sizeTo": 1,
    "colorFrom": "3F3F3FFF",
    "colorTo": "3F3F3FD8"
    },
    {    
    "type": "ParticleEffect",
    "line": true,
    "particles": 10,
    "lifetime": 30,
    "length": 175,
    "cone": -360,
    "lenFrom": 7,
    "lenTo": 7,
    "lightColor": "F3E979FF",
    "strokeFrom": 7,
    "strokeTo": 0,
    "colorFrom": "F3E979FF",
    "colorTo": "D99F6BFF"
    },
    {
    "type": "ParticleEffect",
    "line": true,
    "particles": 20,
    "lifetime": 30,
    "length": 145,
    "cone": -360,
    "lenFrom": 10,
    "lenTo": 10,
    "lightColor": "F3E979FF",
    "strokeFrom": 4,
    "strokeTo": 0,
    "colorFrom": "F3E979FF",
    "colorTo": "D99F6BFF"
    }
    ]    
    },
    "shootEffect": {
    "type": "ParticleEffect",
    "particles": 1,
    "length": 0,
    "lifetime": 15,
    "interp": "swingIn",
    "region": "exogenesis-spikething",
    "offsetX": 8,
    "sizeFrom": 25,
    "sizeTo": 1,
    "colorFrom": "F3E979FF",
    "colorTo": "D99F6BFF"
    },
	"despawnEffect": {
    "type": "multiEffect",
    "effects": [
    {
    "type": "WaveEffect",
    "lifetime": 15,
    "sizeFrom": 0,
    "sizeTo": 105,
    "interp": "circleOut",
    "strokeFrom": 5,
    "strokeTo": 0,
    "lightColor": "F3E979FF",
    "colorFrom": "F3E979FF",
    "colorTo": "F3E979D8"
    },
    {
    "type": "ParticleEffect",
    "lightOpacity": 0,
    "particles": 25,
    "length": 90,
    "baseLength": 10,
    "lifetime": 100,
    "interp": "circleOut",
    "sizeInterp": "pow5In",
    "sizeFrom": 13,
    "sizeTo": 1,
    "colorFrom": "3F3F3FFF",
    "colorTo": "3F3F3FD8"
    },
    {
    "type": "ParticleEffect",
    "lightOpacity": 0,
    "particles": 25,
    "length": 90,
    "baseLength": 10,
    "lifetime": 100,
    "interp": "circleOut",
    "sizeInterp": "pow5In",
    "sizeFrom": 13,
    "sizeTo": 1,
    "colorFrom": "3F3F3FFF",
    "colorTo": "3F3F3FD8"
    },
    {
    "type": "ParticleEffect",
    "particles": 20,
    "length": 100,
    "baseLength": 10,
    "lifetime": 90,
    "interp": "circleOut",
    "sizeInterp": "pow5In",
    "sizeFrom": 2.5,
    "sizeTo": 0,
    "lightColor": "F3E979FF",
    "colorFrom": "F3E979FF",
    "colorTo": "F3E979D8"
    },
    { 
    "type": "ParticleEffect",
    "lightOpacity": 0,
    "particles": 20,
    "length": 100,
    "baseLength": 10,
    "lifetime": 80,
    "interp": "circleOut",
    "sizeInterp": "pow5In",
    "sizeFrom": 6.5,
    "sizeTo": 1,
    "colorFrom": "3F3F3FFF",
    "colorTo": "3F3F3FD8"
    },
    {    
    "type": "ParticleEffect",
    "line": true,
    "particles": 10,
    "lifetime": 30,
    "length": 175,
    "cone": -360,
    "lenFrom": 7,
    "lenTo": 7,
    "lightColor": "F3E979FF",
    "strokeFrom": 7,
    "strokeTo": 0,
    "colorFrom": "F3E979FF",
    "colorTo": "D99F6BFF"
    },
    {
    "type": "ParticleEffect",
    "line": true,
    "particles": 20,
    "lifetime": 30,
    "length": 145,
    "cone": -360,
    "lenFrom": 10,
    "lenTo": 10,
    "lightColor": "F3E979FF",
    "strokeFrom": 4,
    "strokeTo": 0,
    "colorFrom": "F3E979FF",
    "colorTo": "D99F6BFF"
    }
    ]    
    },
	"lifetime": 70,
	"frontColor": "FFFFFFF",
    "backColor": "F3E979FF",
	"homingPower": 0.06,
	"homingRange": 120,
	"weaveScale": 0,
    "weaveMag": 0,
    "fragBullets": 5,
	"fragBullet": {
	"type": "LaserBulletType",
    "length": 150,
    "width": 20,
    "damage": 200,
    "hitEffect": {
    "type": "ParticleEffect",
    "line": true,
    "particles": 5,
    "lifetime": 30,
    "offset": 60,
    "interp": "circleOut",
    "length": 55,
    "cone": -40,
    "strokeTo": 0,
    "lightColor": "FFF3D6FF",
    "strokeFrom": 2.5,
    "sizeFrom": 20,
    "sizeTo": 0,
    "colorFrom": "FFF3D6FF",
    "colorTo": "FFD59EFF"   
    },
    "colors": ["D99F6BAA", "F3E979FF", "FFFFFFF"],
    "sideAngle": 25,
    "sideLength": 32,
    "sideWidth": 1
	}
	},
	"primal-red": {
	"type": "MissileBulletType",
	"speed": 5,
	"damage": 2000,
	"hitShake": 8,
	"sprite": "exogenesis-warhead",
	"splashDamage": 400,
	"splashDamageRadius": 50,
    "height": 30,
    "width": 20,
    "frontColor": "FFC1BBFF",
    "backColor": "FF5845FF",
    "trailEffect": "none",
    "trailColor": "FF5845FF",
    "trailLength": 16,
    "trailWidth": 4,
    "hitEffect": {
    "type": "multiEffect",
    "effects": [
    {
    "type": "WaveEffect",
    "lifetime": 15,
    "sizeFrom": 0,
    "sizeTo": 105,
    "interp": "circleOut",
    "strokeFrom": 5,
    "strokeTo": 0,
    "lightColor": "FF5845FF",
    "colorFrom": "FF5845FF",
    "colorTo": "FF5845D8"
    },
    {
    "type": "ParticleEffect",
    "lightOpacity": 0,
    "particles": 25,
    "length": 90,
    "baseLength": 10,
    "lifetime": 100,
    "interp": "circleOut",
    "sizeInterp": "pow5In",
    "sizeFrom": 13,
    "sizeTo": 1,
    "colorFrom": "3F3F3FFF",
    "colorTo": "3F3F3FD8"
    },
    {
    "type": "ParticleEffect",
    "lightOpacity": 0,
    "particles": 25,
    "length": 90,
    "baseLength": 10,
    "lifetime": 100,
    "interp": "circleOut",
    "sizeInterp": "pow5In",
    "sizeFrom": 13,
    "sizeTo": 1,
    "colorFrom": "3F3F3FFF",
    "colorTo": "3F3F3FD8"
    },
    {
    "type": "ParticleEffect",
    "particles": 20,
    "length": 100,
    "baseLength": 10,
    "lifetime": 90,
    "interp": "circleOut",
    "sizeInterp": "pow5In",
    "sizeFrom": 2.5,
    "sizeTo": 0,
    "lightColor": "FF5845FF",
    "colorFrom": "FF5845FF",
    "colorTo": "FF5845D8"
    },
    { 
    "type": "ParticleEffect",
    "lightOpacity": 0,
    "particles": 20,
    "length": 100,
    "baseLength": 10,
    "lifetime": 80,
    "interp": "circleOut",
    "sizeInterp": "pow5In",
    "sizeFrom": 6.5,
    "sizeTo": 1,
    "colorFrom": "3F3F3FFF",
    "colorTo": "3F3F3FD8"
    },
    {    
    "type": "ParticleEffect",
    "line": true,
    "particles": 10,
    "lifetime": 30,
    "length": 175,
    "cone": -360,
    "lenFrom": 7,
    "lenTo": 7,
    "lightColor": "FF5845FF",
    "strokeFrom": 7,
    "strokeTo": 0,
    "colorFrom": "FF5845FF",
    "colorTo": "DE4136ff"
    },
    {
    "type": "ParticleEffect",
    "line": true,
    "particles": 20,
    "lifetime": 30,
    "length": 145,
    "cone": -360,
    "lenFrom": 10,
    "lenTo": 10,
    "lightColor": "FF5845FF",
    "strokeFrom": 4,
    "strokeTo": 0,
    "colorFrom": "FF5845FF",
    "colorTo": "DE4136Dff"
    }
    ]    
    },
   "shootEffect": {
    "type": "ParticleEffect",
    "particles": 1,
    "length": 0,
    "lifetime": 15,
    "interp": "swingIn",
    "region": "exogenesis-spikething",
    "offsetX": 8,
    "sizeFrom": 25,
    "sizeTo": 1,
    "colorFrom": "FF5845FF",
    "colorTo": "DE4136Dff"
    },
	"despawnEffect": {
    "type": "multiEffect",
    "effects": [
    {
    "type": "WaveEffect",
    "lifetime": 15,
    "sizeFrom": 0,
    "sizeTo": 105,
    "interp": "circleOut",
    "strokeFrom": 5,
    "strokeTo": 0,
    "lightColor": "FF5845FF",
    "colorFrom": "FF5845FF",
    "colorTo": "FF5845D8"
    },
    {
    "type": "ParticleEffect",
    "lightOpacity": 0,
    "particles": 25,
    "length": 90,
    "baseLength": 10,
    "lifetime": 100,
    "interp": "circleOut",
    "sizeInterp": "pow5In",
    "sizeFrom": 13,
    "sizeTo": 1,
    "colorFrom": "3F3F3FFF",
    "colorTo": "3F3F3FD8"
    },
    {
    "type": "ParticleEffect",
    "lightOpacity": 0,
    "particles": 25,
    "length": 90,
    "baseLength": 10,
    "lifetime": 100,
    "interp": "circleOut",
    "sizeInterp": "pow5In",
    "sizeFrom": 13,
    "sizeTo": 1,
    "colorFrom": "3F3F3FFF",
    "colorTo": "3F3F3FD8"
    },
    {
    "type": "ParticleEffect",
    "particles": 20,
    "length": 100,
    "baseLength": 10,
    "lifetime": 90,
    "interp": "circleOut",
    "sizeInterp": "pow5In",
    "sizeFrom": 2.5,
    "sizeTo": 0,
    "lightColor": "FF5845FF",
    "colorFrom": "FF5845FF",
    "colorTo": "FF5845D8"
    },
    { 
    "type": "ParticleEffect",
    "lightOpacity": 0,
    "particles": 20,
    "length": 100,
    "baseLength": 10,
    "lifetime": 80,
    "interp": "circleOut",
    "sizeInterp": "pow5In",
    "sizeFrom": 6.5,
    "sizeTo": 1,
    "colorFrom": "3F3F3FFF",
    "colorTo": "3F3F3FD8"
    },
    {    
    "type": "ParticleEffect",
    "line": true,
    "particles": 10,
    "lifetime": 30,
    "length": 175,
    "cone": -360,
    "lenFrom": 7,
    "lenTo": 7,
    "lightColor": "FF5845FF",
    "strokeFrom": 7,
    "strokeTo": 0,
    "colorFrom": "FF5845FF",
    "colorTo": "DE4136ff"
    },
    {
    "type": "ParticleEffect",
    "line": true,
    "particles": 20,
    "lifetime": 30,
    "length": 145,
    "cone": -360,
    "lenFrom": 10,
    "lenTo": 10,
    "lightColor": "FF5845FF",
    "strokeFrom": 4,
    "strokeTo": 0,
    "colorFrom": "FF5845FF",
    "colorTo": "DE4136Dff"
    }
    ]    
    },
	"lifetime": 70,
	"homingPower": 0.06,
	"homingRange": 150,
	"weaveScale": 0,
    "weaveMag": 0,
    "fragBullets": 7,
    "fragAngle": 10,
	"fragBullet": {
    "damage": 400,
	"status": "slow",
	"statusDuration": "120",
    "width": 35,
    "pierce": "true",
    "type": "ShrapnelBulletType",
    "lifetime": 18,
    "length": 200,
    "shootEffect": {
    "type": "ParticleEffect",
    "line": true,
    "particles": 10,
    "lifetime": 20,
    "length": 75,
    "cone": -360,
    "lenFrom": 6,
    "lenTo": 6,
    "lightColor": "FF5845FF",
    "strokeFrom": 3,
    "strokeTo": 0,
    "colorFrom": "FF5845FF",
    "colorTo": "DE4136ff"    
    },
    "hitEffect": {
    "type": "ParticleEffect",
    "line": true,
    "particles": 10,
    "lifetime": 20,
    "length": 75,
    "cone": -360,
    "lenFrom": 6,
    "lenTo": 6,
    "lightColor": "FF5845FF",
    "strokeFrom": 3,
    "strokeTo": 0,
    "colorFrom": "FF5845FF",
    "colorTo": "DE4136ff"    
    },    
    "toColor": "FF5845FF"
	}
	}
	},
    "requirements": [
        "volcanite/450",
        "thorium/600",
        "tungsten/800",
        "primal-red/700",
        "silicon/700",
        "beryllium/430"
    ],
    "category": "turret",
    "research": "r-brimstone"
}
