{
    "type": "ItemTurret",
    "health": 8789000,
    "size": 12,
    "reload": 250,
    "range": 700,
    "heatColor": "F3E979FF",
    "recoil": 13,
    "shootY": 0,
    "shake": 6,
    "ammoUseEffect": "casing4",
    "drawer": {
    "type": "drawTurret",
    "basePrefix": "elecian-"
    },
 "shoot": {
   "type":"shootPattern",
 "shotDelay": 4,
  "shots": 2
         },
    "rotateSpeed": 1,
    "shootSound": "jupiterShoot",
	"ammoTypes": {
        "thorium": {
            "speed": 24,
            "type":"BasicBulletType",
            "hitSound": "jupiterImpact",
            "damage": 8260,
            "drag": 0.006,
            "status": "slow",
            "statusDuration": 100,
            "width": 30,
            "height": 47,
	    "frontColor": "C28590FF",
            "backColor": "A16570FF",
            "reflectable": false,
            "shootEffect": "explosion",
            "smokeEffect": {
            "type": "ParticleEffect",
            "particles": 19,
            "offset": 11,
            "sizeFrom": 4,
            "length": 170,
            "lifetime": 28,
            "interp": "circleOut",
            "colorFrom": "5E7DC7FF",
            "colorTo": "565656FF",
            "cone": 20
            },
            "hitEffect": {
            "type": "ParticleEffect",
            "particles": 19,
            "offset": 11,
            "sizeFrom": 4,
            "length": 70,
            "lifetime": 38,
            "colorFrom": "5E7DC7FF",
            "colorTo": "51689CFF",
            "cone": 360
            },
            "knockback": 8,
            "ammoMultiplier": 3,
            "pierce": true,
            "hitSize": 8
        },
        "plastanium": {
            "speed": 27,
            "type":"BasicBulletType",
            "hitSound": "jupiterImpact",
            "damage": 14660,
            "width": 30,
            "height": 47,
            "drag": 0.006,
            "reflectable": false,
            "shootEffect": "explosion",
            "smokeEffect": {
            "type": "ParticleEffect",
            "particles": 19,
            "offset": 11,
            "sizeFrom": 4,
            "length": 170,
            "lifetime": 38,
            "interp": "circleOut",
            "colorFrom": "9CB664FF",
            "colorTo": "565656FF",
            "cone": 20
            },
            "hitEffect": {
            "type": "ParticleEffect",
            "particles": 19,
            "offset": 11,
            "sizeFrom": 4,
            "length": 70,
            "lifetime": 38,
            "colorFrom": "9CB664FF",
            "colorTo": "EDF2A8FF",
            "cone": 360
            },
            "knockback": 8,
            "ammoMultiplier": 3,
            "splashDamage" : 800,
             "splashDamageRadius" : 40,	
            "pierce": false,
            "hitSize": 8,
            "frontColor": "9CB664FF",
            "backColor": "EDF2A8FF",
            "fragBullets": 10,
            "fragVelocityMin": 4,
            "fragLifeMin": 1,
	        "fragBullet": {
	        "type": "BasicBulletType",
	        "status" : "melting",
	        "height" : 18,
	        "width" : 18,
            "frontColor": "9CB664FF",
            "backColor": "EDF2A8FF",
	        "lifetime": 20,
	        "damage" : 450,
	        "pierce": true,
	        "pierceBuilding": true,
	        "splashDamage" : 30,
	        "splashDamageRadius" : 10,	
            "hitEffect": "flakExplosion"
		    }
        },
        "alpha-yellow": {
            "type":"BasicBulletType",
            "speed": 29,
            "damage": 18370,
            "width": 30,
            "height": 47,
            "drag": 0.006,
            "frontColor": "F3E979FF",
            "backColor": "ECD36FFF",
            "reflectable": false,
            "shootEffect": "explosion",
            "smokeEffect": {
            "type": "ParticleEffect",
            "particles": 19,
            "offset": 11,
            "sizeFrom": 4,
            "interp": "circleOut",
            "length": 170,
            "lifetime": 28,
            "colorFrom": "F3E979FF",
            "colorTo": "565656FF",
            "cone": 20
            },
            "hitEffect": {
            "type": "ParticleEffect",
            "particles": 19,
            "offset": 11,
            "sizeFrom": 4,
            "length": 70,
            "lifetime": 38,
            "colorFrom": "F3E979FF",
            "colorTo": "ECD36FFF",
            "cone": 360
            },
            "hitSound": "jupiterImpact",
            "knockback": 14,
            "hitShake": 3,
            "ammoMultiplier": 1,
            "pierceBuilding": true,
            "pierceCap": 8,
            "pierce": false,
            "lightning": 15,
            "lightningDamage": 180,
            "lightningCone": 360,
            "lightningLengthRand": 6,
            "lightningLength": 4,
            "collidesAir": true
            }
    },
    "requirements": [
        "osmium/2300",
        "thorium/3000",
        "titanium/2750",
        "surge-alloy/3800",
        "alpha-yellow/2860",
        "plastanium/1750",
        "thorium/800",
        "copper/3560"
    ],
    "category": "turret",
    "research": "divinity-core"

}
