{
    "type": "ItemTurret",
    "health": 1600,
    "size": 4,
    "reload": 38,
    "range": 335,
    "recoil": 3,
    "shake": 2,
    "ammoUseEffect": "casing3",
    "rotateSpeed": 3,
    "shootSound": "bang",
        "drawer": {
    "type": "drawTurret",
    "basePrefix": "elecian-"
    },
	"ammoTypes": {
          "blast-compound": {
            "status": "blasted",
	        "statusDuration": "50",
            "reflectable": false,
            "speed": 7,
            "width": 15,
            "height": 20,
            "lifetime": 70,
            "damage": 67,
            "splashDamage": 45,
            "splashDamageRadius": 16,
            "knockback": 1.8,
            "hitSize": 8,
            "frontColor": "E66F57FF",
            "backColor": "C85C51FF",
            "shootEffect": "shootPyraFlame",
            "hitEffect": "blastExplosion"
          },
        "thorium": {
            "speed": 7,
            "type":"BasicBulletType",
            "damage": 90,
            "lifetime": 70,
            "width": 15,
            "height": 20,
            "reflectable": false,
            "shootEffect": "shootPyraFlame",
            "smokeEffect": "none",
            "hitEffect": "flakExplosion",
            "knockback": 3,
            "ammoMultiplier": 3,
            "pierce": false,
            "hitSize": 8
        },
        "surge-alloy": {
            "type":"BasicBulletType",
            "speed": 7,
            "lifetime": 70,
            "damage": 136,
            "width": 15,
            "height": 20,
            "reflectable": false,
            "shootEffect": "shootPyraFlame",
            "smokeEffect": "none",
            "hitEffect": "flakExplosion",
            "knockback": 4,
            "hitShake": 3,
            "ammoMultiplier": 1,
            "pierceBuilding": true,
            "pierceCap": 2,
            "pierce": false,
            "lightning": 10,
            "lightningDamage": 10,
            "lightningCone": 360,
            "lightningLengthRand": 3,
            "lightningLength": 8,
            "collidesAir": true
            }
    },
    "requirements": [
        "oltuxium/1250",
        "thorium/700",
        "alpha-yellow/120",
        "osmium/400",
        "silicon/450"
    ],
    "category": "turret",
    "research": "ripple"

}
