{
    "type": "ItemTurret",
    "health": 8660,
    "size": 8,
    "reload": 50,
    "range": 600,
    "recoil": 7,
    "shake": 5,
    "rotateSpeed": 0.89,
    "shootSound": "jupiterShoot",
    "drawer": {
    "type": "drawTurret",
    "basePrefix": "elecian-"
    },
	  "ammoTypes": {
        "thorium": {
            "sprite": "exogenesis-gauss-bullet",
            "speed": 20,
            "type":"BasicBulletType",
            "hitSound": "jupiterImpact",
            "damage": 2360,
            "trailColor": "CB8EBFFF",
            "trailParam": 5,
            "trailLength": 9,
            "trailWidth": 5,
            "frontColor": "F9A3C7FF",
		    "backColor": "CB8EBFFF",
            "width": 25,
            "height": 38,
            "reflectable": false,
            "shootEffect": "explosion",
            "smokeEffect": "none",
            "hitEffect": "flakExplosionBig",
            "knockback": 8,
            "ammoMultiplier": 3,
            "pierce": false,
            "hitSize": 8
        },
        "alpha-yellow": {
            "type":"BasicBulletType",
        "trailColor": "F3E979FF",
        "trailParam": 5,
        "trailLength": 9,
        "trailWidth": 5,
            "sprite": "exogenesis-gauss-bullet",
            "speed": 22,
            "damage": 3870,
            "width": 25,
            "height": 38,
            "drag": 0.016,
            "reflectable": false,
            "shootEffect": "explosion",
            "smokeEffect": "none",
            "hitEffect": "flakExplosionBig",
            "hitSound": "jupiterImpact",
            "knockback": 14,
            "hitShake": 3,
            "ammoMultiplier": 1,
            "pierceBuilding": true,
            "frontColor": "FFFFFFF",
		    "backColor": "F3E979FF",
            "pierceCap": 6,
            "pierce": false,
            "lightning": 10,
            "lightningDamage": 10,
            "lightningCone": 360,
            "lightningLengthRand": 13,
            "lightningLength": 18,
            "collidesAir": true
            }
    },
    "requirements": [
        "lead/650",
        "graphite/500",
        "thorium/400",
        "surge-alloy/550",
        "osmium/450",
        "alpha-yellow/700"
    ],
    "category": "turret",
    "research": "y-callisto"

}
