{
"name": "Ping",
"description": "Has A Pierce Weapon and a slowing feild.",
"research": {
"parent": "dagger",
"requirements": [
"surge-alloy/100",
"silicon/200"
]
},
"controller": "SuicideAI",
"type": "mech",
"mechSideSway": 0.25,
"armor": 1,
"commandLimit": 6,
"speed": 1.6,
"hitSize": 12,
"flying": false,
"health": 90,
"range": 40,
"immunities": [
		"slow"
		],
"weapons": [
  {
  "name": "cut",
    "reload": 12,
    "shootCone": 180,
    "ejectEffect": "casing1",
	"smokeEffect": "none",
    "shootSound": "spark",
    "bullet": {
    "type": "ShrapnelBulletType",
    "lightningColor": "F3E979FF",
	"toColor": "F3E979FF",
    "lightning": 0,
    "lightningDamage": 28,
    "lightningLength": 1,
    "lightningCone": 360,
    "lightningLengthRand": 6,
    "hitEffect": "shootHealYellow",
    "lifetime": 30,
	"damage": 10
	"pierce": true,
    "width": 3
	"length": 35.5,
    "speed": 0.001,
     }
  }
],
   "abillities": [
{
    "type": "EnergyFieldAbility",
    "statusDuration": 300,
    "status": "slow",
    "color": "ffff00ff",
    "maxTargets": 5,
    "damage": 5,
    "healPercent": 0,
    "range": 165,
    "sectors": 4,
    "rotateSpeed": 3,
    "hitBuildings": false,
    "sectorRad": 0.64,
    "effectRadius": 1,
    "reload": 10
        },
    ]
}

