{
    "type": "PowerTurret",
    "researchCostMultiplier": 0.3,
    "squareSprite": false,
    "outlineColor": "36363CFF",
	"size": 2,
	"health": 500,
    "reload": 35,
    "range": 140,
    "shoot": {
    "type": "shootPattern",
    "shots": 4,
    "shotDelay": 3
	},
    "drawer": {
    "type": "drawTurret",
    "basePrefix": "genesux-"
    },
    "xRand": 12,
    "recoil": 0.7,
    "rotateSpeed": 7,
    "shootSound": "laser",
	"consumes" : {
		"power": 4
         },
    "hasPower": true,
    "shootType": {
        "type": "BasicBulletType",
        "speed": 5,
        "spin": 8,
        "shootEffect": {
        "type": "ParticleEffect",
        "particles": 1,
        "sizeFrom": 12,
        "sizeTo": 0,
        "length": 0,
        "interp": "swingIn",
        "lifetime": 100,
        "region": "exogenesis-energy-partical",
        "colorFrom": "A9D8FFFF",
        "colorTo": "A9D8FFFF"
        },
        "lifetime": 35,
        "frontColor": "E4FDFFFF",
        "backColor": "66B1FFFF",
        "trailColor": "66B1FFFF",
        "weaveMag": 2.6,
        "weaveScale": 7,
        "trailParam": 5,
        "trailLength": 8,
        "trailWidth": 1.5,
        "trailEffect": "none",
        "status": "freezing",
        "damage": 11,
        "homingPower": 0.0789,
        "homingRange": 150,
        "despawnEffect": {
        "type": "ParticleEffect",
        "line": true,
        "particles": 5,
        "lifetime": 10,
        "length": 35,
        "cone": -360,
        "lenFrom": 5,
        "lenTo": 0,
        "colorFrom": "E4FDFFFF",
        "colorTo": "66B1FFFF"
        },
        "hitEffect": {
        "type": "ParticleEffect",
        "line": true,
        "particles": 5,
        "lifetime": 10,
        "length": 35,
        "cone": -360,
        "lenFrom": 5,
        "lenTo": 0,
        "colorFrom": "E4FDFFFF",
        "colorTo": "66B1FFFF"
        },
        "width": 21,
        "height": 21,
        "shrinkY": 0,
        "shrinkX": 0,
        "sprite": "exogenesis-energy-partical"
    },
    "requirements": [
        "astrolite/100",
        "silicon/100",
        "graphite/200"
    ],
    "category": "turret",
    "research": "c-starfleet"
}
