{
	"type": "PowerTurret",
    "squareSprite": false,
    "outlineColor": "36363CFF",
	"size": 7,
	"health": 6880,
	"reload": 450,
	"range": 400,
	"heatColor": "A9D8FFFF",
	"recoil": 5,
    "drawer": {
    "type": "drawTurret",
    "basePrefix": "genesux-"
    },
        "moveWhileCharging": false,
		"consumes" : {
		"power": 90
		},
    "update": true,
    "hasPower": true,
    "shootEffect": {
    "type": "multiEffect",
    "effects": [
    {
    "type": "ParticleEffect",
    "particles": 1,
    "lifetime": 15,
    "length": 0,
    "interp": "swingIn",
    "region": "exogenesis-tall",
    "sizeFrom": 46,
    "sizeTo": 0,
    "lightColor": "A9D8FFFF",
    "colorFrom": "A9D8FFFF",
    "colorTo": "66B1FFFF"
    },
    {
    "type": "ParticleEffect",
    "particles": 1,
    "length": 0,
    "lifetime": 15,
    "interp": "swingIn",
    "region": "exogenesis-spikething",
    "offsetX": 10,
    "sizeFrom": 25,
    "sizeTo": 1,
    "lightColor": "A9D8FFFF",
    "colorFrom": "A9D8FFFF",
    "colorTo": "66B1FFFF"
    }
    ]
    },
    "chargeSound": "lasercharge2",
"shoot": {
 "type": "ShootHelix",
  "scl": 6, 
  "mag": 2,
  "shots" : 2,
  "firstShotDelay": 150
},
  
  "shake": 4,
  "shootSound": "coolplasmaboom",
	"rotateSpeed": 2.5,
    "shootType" : {
     "type": "empBulletType",
  "sprite" : "exogenesis-plasma",
    "status": "exogenesis-high-energy-blast",
"trailChance": 1,
        "trailRotation": true,
        "trailEffect": {
        "type": "ParticleEffect",
        "particles": 1,
        "sizeFrom": 11.5,
        "sizeTo": 7,
        "length": 0,
        "lifetime": 25,
        "colorFrom": "66B1FFFF",
        "colorTo": "66B1FF00"
        },
    "spawnBullets": [
    {
    "fragBullets": 5,
    "fragRandomSpread": 0,
    "fragSpread": 35,
    "fragBullet": {
   "damage": 200,
    "width": 22.5,
    "type": "ShrapnelBulletType",
    "lifetime": 40,
    "length": 30,
    "serrations": 4,
    "fromColor": "A9D8FFFF ",
    "toColor": "66B1FFFF",
	"hitEffect": {
    "type": "ParticleEffect",
    "line": true,
    "particles": 6,
    "offset": 20,
    "lifetime": 30,
    "length": 65,
    "baseLength": -15,
    "cone": -360,
    "lenFrom": 5,
    "lenTo": 0,
    "colorFrom": "A9D8FFFF",
    "colorTo": "66B1FFFF"
    },
    "statusDuration": 90,
    "status": "freezing"
    },
            "type": "BulletType",
            "lifetime": 0
    }
    ],
    "timeIncrease": 0,
    "powerDamageScl": 1,
    "powerSclDecrease": 0.1,
    "unitDamageScl": 0.5,
    "lightRadius": 50,
    "statusDuration": 350,
    "hitSound": "plasmaboom",
    "hitColor": "A9D8FFFF",
    "shrinkY": 0,
    "shrinkX": 0,
    "lightning": 17,
    "lightningDamage": 100,
    "lightningColor": "A9D8FFFF",
    "lightningCone": 360,
    "lightningLengthRand": 11,
    "lightningLength": 5,
    "speed": 3.5,
    "lifetime": 140,
    "damage": 860,
    "height": 28,
    "width": 28,
    "radius": 100,
"chargeEffect": {
    "type": "multiEffect",
    "lifetime": 150,
    "effects": [
    {
     "type": "ParticleEffect",
    "line": true,
    "particles": 7,
    "lifetime": 150,
    "offset": 50,
    "length": 95,
    "baseLength": -95,
    "cone": 360,
    "interp": "pow3In",
    "sizeInterp": "pow5Out",    
    "strokeFrom": 0,
    "strokeTo": 1.6,    
    "lenFrom": 0,
    "lenTo": 9,
    "colorFrom": "A9D8FFFF",
    "colorTo": "66B1FFFF"
    },
    {
    "type": "ParticleEffect",
    "line": true,
    "particles": 10,
    "lifetime": 145,
    "offset": 50,
    "length": 85,
    "baseLength": -85,
    "cone": 360,
    "interp": "pow3In",
    "sizeInterp": "pow5Out",  
    "strokeFrom": 0,
    "strokeTo": 1.6,    
    "lenFrom": 0,
    "lenTo": 8,
    "colorFrom": "A9D8FFFF",
    "colorTo": "66B1FFFF"
    },
    {
    "type": "ParticleEffect",
    "line": true,
    "particles": 10,
    "lifetime": 135,
    "offset": 50,
    "length": 75,
    "baseLength": -75,
    "cone": 360,
    "interp": "pow3In",
    "sizeInterp": "pow5Out",    
    "strokeFrom": 0,
    "strokeTo": 1.6,    
    "lenFrom": 0,
    "lenTo": 7,
    "colorFrom": "A9D8FFFF",
    "colorTo": "66B1FFFF"
   },
    {
    "type": "ParticleEffect",
    "particles": 1,
    "sizeFrom": 2,
    "sizeTo": 27,
    "length": 0,
    "spin": 16,
    "layer": 109,
    "lifetime": 155,
    "lightColor": "A9D8FFFF",
    "region": "exogenesis-wide",
    "colorFrom": "A9D8FFFF",
    "colorTo": "66B1FFFF"
    },
    {
    "type": "ParticleEffect",
    "particles": 1,
    "sizeFrom": 2,
    "sizeTo": 20,
    "length": 0,
    "spin": -16,
    "layer": 109,
    "lifetime": 155,
    "lightColor": "A9D8FFFF",
    "region": "exogenesis-tall",
    "colorFrom": "A9D8FFFF",
    "colorTo": "66B1FFFF"
    },
    {
    "type": "ParticleEffect",
    "particles": 1,
    "sizeFrom": 1,
    "sizeTo": 10,
    "length": 0,
    "lifetime": 155,
    "lightColor": "A9D8FFFF",
    "colorFrom": "A9D8FFFF",
    "colorTo": "66B1FFFF",
    "cone": 360
    },
    {
    "type": "ParticleEffect",
    "particles": 1,
    "sizeFrom": 1,
    "sizeTo": 6,
    "length": 0,
    "lifetime": 155,
    "lightColor": "A9D8FFFF",
    "colorFrom": "E1F2FFFF",
    "colorTo": "E1F2FFFF"
    }
    ]
  },
    "hitPowerEffect": {
    "type": "ParticleEffect",
    "line": true,
    "particles": 6,
    "lifetime": 22,
    "length": 80,
    "cone": -360,
    "lenFrom": 10,
    "lenTo": 10,
    "lightColor": "A9D8FFFF",
    "colorFrom": "E1F2FFFF",
    "colorTo": "A9D8FFFF"
    },
    "hitEffect": {
    "type": "multiEffect",
    "effects": [
    {
    "type": "ParticleEffect",
    "particles": 10,
    "sizeFrom": 29,
    "sizeTo": 1,
    "length": 110,
    "lifetime": 105,
    "lightOpacity": 0,
    "interp": "circleOut",
    "sizeInterp": "pow5In",
    "colorFrom": "66B1FFAa",
    "colorTo": "66B1FFAA",
    "cone": 360
    },
    {
    "type": "WaveEffect",
    "lifetime": 25,
    "sizeFrom": 0,
    "sizeTo": 120,
    "strokeFrom": 7,
    "strokeTo": 0,
    "colorFrom": "A9D8FF10",
    "colorTo": "66B1FFFF"
    },
    {
    "type": "ParticleEffect",
    "offset": 30,
    "particles": 15,
    "lifetime": 30,
    "baseLength": 85,
    "length": 100,
    "interp": "circleOut",
    "sizeInterp": "pow5In",
    "cone": -360,
    "line": true,
    "lenFrom": 8,
    "lenTo": 8,
    "lightColor": "A9D8FFFF",
    "colorFrom": "E1F2FFFF",
    "colorTo": "A9D8FFFF"
    },
    {
    "type": "ParticleEffect",
    "particles": 10,
    "sizeFrom": 22,
    "sizeTo": 1,
    "length": 140,
    "lifetime": 90,
    "interp": "circleOut",
    "sizeInterp": "pow5In",
    "lightColor": "A9D8FFFF",
    "colorFrom": "E1F2FFFF",
    "colorTo": "A9D8FFFF",
    "cone": 360
    },
    {
    "type": "ParticleEffect",
    "particles": 12,
    "offset": 50,
    "sizeFrom": 27,
    "sizeTo": 1,
    "length": 80,
    "lifetime": 80,
    "interp": "circleOut",
    "sizeInterp": "pow5In",
    "lightColor": "A9D8FFFF",
    "colorFrom": "E1F2FFFF",
    "colorTo": "A9D8FFFF",
    "cone": 360
    },
    {
    "type": "ParticleEffect",
    "particles": 10,
    "sizeFrom": 6,
    "sizeTo": 1.5,
    "length": 110,
    "lifetime": 55,
    "interp": "fastSlow",
    "lightColor": "A9D8FFFF",
    "colorFrom": "E1F2FFFF",
    "colorTo": "A9D8FFFF",
    "cone": 360
    },
    {
    "type": "ParticleEffect",
    "particles": 10,
    "sizeFrom": 6,
    "sizeTo": 1.5,
    "length": 120,
    "lifetime": 55,
    "interp": "fastSlow",
    "lightColor": "A9D8FFFF",
    "colorFrom": "E1F2FFFF",
    "colorTo": "A9D8FFFF",
    "cone": 360
    }
    ]
    },
    "bulletInterval": 35,
    "intervalBullets": 3,
    "intervalBullet": {
  "type": "ContinuousFlameBulletType",
    "colors": ["66B1FFAA", "66B1FFff", "A9D8FFFF", "FFFFFF"],
    "damage": 60,
    "width": 5,
     "drawFlare": false,
     "hitEffect": {
    "type": "ParticleEffect",
    "line": true,
    "particles": 7,
    "lifetime": 15,
    "length": 65,
    "cone": -360,
    "strokeFrom": 2.5,
    "strokeTo": 0,
    "lenFrom": 8,
    "lenTo": 0,
    "colorFrom": "A9D8FFFF",
    "colorTo": "66B1FFFF"
    },
    "divisions": 20,
    "length": 80,
    "drawSize": 350,
    "lifetime": 10,
    "status": "exogenesis-high-energy-blast",
    "statusDuration": 150
    },
    "splashDamageRadius": 74,
    "splashDamage": 1076,
    "frontColor": "E1F2FFFF",
    "backColor": "66B1FFFF"
	},
	"requirements": [
        "urbium/600",
        "stellar-steel/400",
        "silicon/1000",
        "osmium/600",
        "siratla-diamond/1200",
        "astrolite/800"
	],
	"category": "turret",
	"research": "c-supernova"
}
