{
"category": "turret",
"type": "LiquidTurret",
"size": 4,
"range": 200,
"outlineColor": "1B1B1BFF",	
"health": 1100,
"reload": 200,
"shoot": {
"type": "shootPattern",
   "shots": 7
},
    "drawer": {
    "type": "drawTurret",
    "basePrefix": "solran-"
    },
"shootSound": "shotgun",
"inaccuracy": 7,
"velocityRnd": 0.3,
"shootEffect": {
    "type": "multiEffect",
    "effects": [
    {
    "type": "ParticleEffect",
    "lightColor": "FF8142FF",
    "particles": 20,
    "length": 50,
    "lifetime": 140,
    "interp": "pow10Out",
    "sizeFrom": 13,
    "sizeTo": 7,
    "colorFrom": "FF8142FF",
    "colorTo": "FF814210"
    },
    {
    "type": "ParticleEffect",
    "line": true,
    "lightColor": "FF8142FF",
    "particles": 20,
    "lifetime": 30,
    "length": 65,
    "cone": -360,
    "lenFrom": 10,
    "lenTo": 10,
    "strokeFrom": 3,
    "strokeTo": 0,
    "colorFrom": "FF8142FF",
    "colorTo": "FF8142FF"
    }
    ]
    },
"ammoTypes": {
  "slag": {
	"type" : "basicBulletType",
	"sprite" : "circle-bullet",
	"status": "exogenesis-molten1",
	"damage": 450,
	"height" : 18,
	"width" : 18,
	"shrinkX": 0,
	"shrinkY": 0,
	"speed": 6,
	"lifetime" : 45,
	"splashDamage": 100,
	"splashDamageRadius": 40,
	"hitEffect": {
    "type": "multiEffect",
    "effects": [
    {
    "type": "ParticleEffect",
    "lightColor": "FF8142FF",
    "particles": 20,
    "length": 50,
    "lifetime": 140,
    "interp": "pow10Out",
    "sizeFrom": 13,
    "sizeTo": 7,
    "colorFrom": "FF8142FF",
    "colorTo": "FF814210"
    },
    {
    "type": "ParticleEffect",
    "line": true,
    "lightColor": "FF8142FF",
    "particles": 20,
    "lifetime": 30,
    "length": 65,
    "cone": -360,
    "lenFrom": 10,
    "lenTo": 10,
    "strokeFrom": 3,
    "strokeTo": 0,
    "colorFrom": "FF8142FF",
    "colorTo": "FF8142FF"
    }
    ]
    },
	"despawnEffect": {
    "type": "multiEffect",
    "effects": [
    {
    "type": "ParticleEffect",
    "lightColor": "FF8142FF",
    "particles": 20,
    "length": 50,
    "lifetime": 140,
    "interp": "pow10Out",
    "sizeFrom": 13,
    "sizeTo": 7,
    "colorFrom": "FF8142FF",
    "colorTo": "FF814210"
    },
    {
    "type": "ParticleEffect",
    "line": true,
    "lightColor": "FF8142FF",
    "particles": 20,
    "lifetime": 12,
    "length": 65,
    "cone": -360,
    "lenFrom": 10,
    "lenTo": 10,
    "strokeFrom": 3,
    "strokeTo": 0,
    "colorFrom": "FF8142FF",
    "colorTo": "FF8142FF"
    }
    ]
    },
	"trailParam": 5,
	"trailLength": 13,
    "trailWidth": 6.5,
    "trailChance": 0.2,
	"trailEffect": {
	"type": "ParticleEffect",
    "lightColor": "FF8142FF",
    "particles": 10,
    "length": 5,
    "baseLength": 5,
    "lifetime": 30,
    "interp": "circleOut",
    "sizeInterp": "pow5In",
    "sizeFrom": 3.5,
    "sizeTo": 0,
    "colorFrom": "FF8142FF",
    "colorTo": "FF8142AA"   
	},
	"trailColor": "FF8142FF",
    "backColor": "FF8142FF",
    "frontColor": "FFFFFFF",
    "fragBullets": 10,
    "fragLifeMin": 1,
	"fragBullet": {
	"type": "LiquidBulletType",
	"liquid": "slag",
	"lifetime": 30,
	"puddleSize": 3,
	"orbSize": 5.5,
	"speed": 2,
	"damage" : 6
	}
  }
},
"research": "r-thermal",
"requirements": [
  "metaglass/120",
  "graphite/300",
  "primal-red/400",
  "titanium/500",
  "lead/500",
  "volcanite/400"
  ]
}
