{
"type": "powerTurret",
"reload": 5,
"recoil": 0,
"rotateSpeed": 20,
"outlineColor": "1B1B1BFF",
"range": 280,
    "drawer": {
    "type": "drawTurret",
    "basePrefix": "solran-"
    },
"consumes": {
"power": 38,
"liquid": {
"liquid": "slag",
"optional": true,
"update": false,
"amount": 0.6
}
},
"inaccuracy": 15,
"shootY": 0,
"velocityRnd": 0.33,
"heatColor": "FF5845FF", 
"size": 6,
"shootEffect": {
    "type": "multiEffect",
    "effects": [
    {
    "type": "ParticleEffect",
    "line": true,
    "particles": 5,
    "offset": 20,
    "lifetime": 30,
    "length": 100,
    "baseLength": -15,
    "cone": -360,
    "lenFrom": 10,
    "lenTo": 10,
    "colorFrom": "FF5845FF",
    "colorTo": "FF584510"
    },
    {
    "type": "ParticleEffect",
    "particles": 1,
    "sizeFrom": 12,
    "sizeTo": 0,
    "interp": "swingIn",
    "length": 0,
    "lifetime": 50,
    "colorFrom": "FF5845FF",
    "colorTo": "FF5845FF"
    },
    {
    "type": "ParticleEffect",
    "particles": 1,
    "sizeFrom": 6,
    "sizeTo": 0,
    "interp": "swingIn",
    "length": 0,
    "lifetime": 50,
    "colorFrom": "FFFFFFF",
    "colorTo": "FFFFFFF"
    }
    ]
    },
    "hasPower": true,
    "shootType": {
  "type": "BasicBulletType",
  "sprite" : "circle-bullet",
  "status" : "exogenesis-molten1",
  "statusDuration": 300,
  "damage": 180,	
  "splashDamage": 250,
  "splashDamageRadius": 40,	
  "incendChance": 1,
  "incendSpread": 18,
  "incendAmount": 17,
  "height": 0.1,
  "width": 0.1,			
  "speed": 6,
  "lifetime": 70,
  "homingPower": 0.06,
  "homingRange": 160,
  "shrinkX": 0,
  "shrinkY": 0,
  "hitEffect": {
  "type": "multiEffect",
  "effects": [
  {
  "type": "ParticleEffect",
  "lightOpacity": 0,
  "particles": 14,
  "length": 40,
  "baseLength": 10,
  "lifetime": 50,
  "interp": "circleOut",
  "sizeInterp": "pow5In",
  "sizeFrom": 9,
  "sizeTo": 2,
  "colorFrom": "7e7e7e",
  "colorTo": "7e7e7eD8"
  },
  {
    "type": "ParticleEffect",
    "line": true,
    "particles": 10,
    "offset": 20,
    "lifetime": 30,
    "length": 100,
    "baseLength": -15,
    "cone": -360,
    "strokeFrom": 3,
    "strokeTo": 0,
    "lenFrom": 10,
    "lenTo": 10,
    "colorFrom": "FF5845FF",
    "colorTo": "FF5845ff"
  }
  ]
  },
  "despawnEffect": {
  "type": "multiEffect",
  "effects": [
  {
  "type": "ParticleEffect",
  "lightOpacity": 0,
  "particles": 14,
  "length": 40,
  "baseLength": 10,
  "lifetime": 50,
  "interp": "circleOut",
  "sizeInterp": "pow5In",
  "sizeFrom": 9,
  "sizeTo": 2,
  "colorFrom": "7e7e7e",
  "colorTo": "7e7e7eD8"
  },
  {
    "type": "ParticleEffect",
    "line": true,
    "particles": 10,
    "offset": 20,
    "lifetime": 30,
    "length": 100,
    "baseLength": -15,
    "cone": -360,
    "strokeFrom": 3,
    "strokeTo": 0,
    "lenFrom": 10,
    "lenTo": 10,
    "colorFrom": "FF5845FF",
    "colorTo": "FF5845ff"
  }
  ]
  },
  "trailEffect": {
  "type": "multiEffect",
  "effects": [
  {
  "type": "ParticleEffect",
  "particles": 6,
  "length": 20,
  "lifetime": 40,
  "interp": "circleOut",
  "sizeInterp": "pow5In",
  "cone": -10,
  "offset": 5,
  "colorFrom": "7e7e7e",
  "colorTo": "7e7e7eD8",
  "sizeFrom": 4,
  "sizeTo": 1
  },
  {
  "type": "ParticleEffect",
  "particles": 6,
  "length": 0,
  "lifetime": 30,
  "interp": "circleOut",
  "sizeInterp": "pow5In",
  "cone": -10,
  "lightColor": "FF5845FF",
  "offset": 5,
  "colorFrom": "FFC1BBFF",
  "colorTo": "FF5845FF",
  "sizeFrom": 3,
  "sizeTo": 1
  },
  {
  "type": "ParticleEffect",
  "particles": 6,
  "length": 20,
  "lifetime": 40,
  "interp": "circleOut",
  "sizeInterp": "pow5In",
  "cone": -10,
  "lightColor": "FF5845FF",
  "offset": 5,
  "colorFrom": "FFC1BBFF",
  "colorTo": "FF5845FF",
  "sizeFrom": 4,
  "sizeTo": 0
  }
  ]
	},
    "absorbable": false,
    "trailChance": 1,
    "trailRotation": true,
    "lightColor": "FF5845FF",
	"frontColor": "FF5845FF",
  	"backColor": "FF5845FF"
	},
"requirements": [
        "volcanite/ 550",
        "thorium/600",
        "plastanium/1000",
        "primal-red/700",
        "silicon/800",
        "lead/400"
],
"category": "turret",
"research": "r-ember",
"shootSound": "laser"
}







