{
    "type": "PowerTurret",
    "researchCostMultiplier": 0.2,
    "size": 2,
    "health": 240,
    "reload": 58,
    "range": 200,
    "targetAir": false,
   "recoil": 2,
    "rotateSpeed": 3,
    "drawer": {
    "type": "drawTurret",
    "basePrefix": "elecian-"
    },
        "shoot": {
"firstShotDelay": 35
},
	"consumes" : {
		"power": 4
		},
    "shootSound": "lasershoot",
    "hasPower": true,
    "shootType": {
        "type": "BasicBulletType",
        "sprite": "exogenesis-electric-pulse",
        "absorbable": false,
        "hittable": false,
        "shrinkY": 0.1,
        "shrinkX": 0.1,
        "speed": 4,
        "lifetime": 100,
        "damage": 65,
        "pierce": true,
        "maxRange": 200,
        "status": "slow",
        "statusDuration": 30,
        "height": 18,
        "width": 18,
        "hitEffect": {
        "type": "WaveEffect",
        "lifetime": 15,
        "sizeFrom": 0,
        "sizeTo": 25,
        "strokeFrom": 4,
        "strokeTo": 0,
        "colorFrom": "FFDA45FF",
        "colorTo": "F3E979FF"
        },
        "despawnEffect": {
        "type": "WaveEffect",
        "lifetime": 15,
        "sizeFrom": 0,
        "sizeTo": 25,
        "strokeFrom": 4,
        "strokeTo": 0,
        "colorFrom": "FFDA45FF",
        "colorTo": "F3E979FF"
        },
        "frontColor": "F3E979FF",
        "backColor": "FFDA45FF"
    },
    "requirements": [
		"silicon/38",
		"metaglass/80",
		"oltuxium/100"
    ],
    "category": "turret",
    "research": "y-electron"
}
