{
	"type": "PowerTurret",
	"size": 4,
	"health": 4360,
	"range": 800,
	"reload" : 280,
	"inaccuracy": 2,
	"targetGround" : false,
	"recoil": 4,
        "shake": 2,
	"rotateSpeed": 6,
    "drawer": {
    "type": "drawTurret",
    "basePrefix": "elecian-"
    },

	"shootSound": "laser",
	"chargeSound": "lasercharge2",
       "shoot": {
"firstShotDelay": 90
},

"consumes" : {
		"power": 30
		},
	"hasPower" : true,
	"shootType" : {
		"type" : "flakBulletType",
		"sprite" : "large-bomb",
	"chargeEffect": {
"type": "MultiEffect",
    "effects": [
{
    "type": "ParticleEffect",
    "particles": 1,
    "sizeFrom": 1,
    "sizeTo": 7,
    "length": 0,
    "lifetime": 90,
    "colorFrom": "FFDA45FF",
    "colorTo": "F3E979FF",
    "cone": 360
	},
    {
    "type": "WaveEffect",
    "lifetime": 75,
    "sizeFrom": 50,
    "sizeTo": 0,
    "strokeFrom": 4,
    "strokeTo": 0,
    "colorFrom": "FFDA45FF",
    "colorTo": "F3E979FF"
}
]
	},
		"explodeRange": 80,
		"damage": 400,	
		"splashDamage" : 900,
		"splashDamageRadius" : 96,	
	    "hitShake" : 10,
		"height" : 50,
		"width" : 50,			
		"speed": 4,
		"collidesTiles": false,
		"collidesGround": false,
		"collidesAir": true,
		"lifetime" : 300,
		"homingPower": 0.000769,
		"homingRange": 128,
		"shrinkX": 0,
		"shrinkY": 0,
		"spin" : 6,
        "hitEffect": {
        "type": "multiEffect",
        "effects": [
        {
        "type": "ParticleEffect",
        "line": true,
        "particles": 35,
        "lifetime": 30,
        "offset": 60,
        "length": 115,
        "cone": -360,
        "strokeFrom": 0, 
        "strokeTo": 3.5,
        "sizeFrom": 15,
        "sizeTo": 0,
        "colorFrom": "F3E979FF",
        "colorTo": "FFDA45FF"
        },
        {
        "type": "ParticleEffect",
        "particles": 35,
        "offset": 30,
        "sizeFrom": 4,
        "sizeTo": 0,
        "length": 105,
        "lifetime": 30,
        "colorFrom": "F3E979FF",
        "colorTo": "FFDA45FF",
        "cone": 360
        },
        {
        "type": "ParticleEffect",
        "particles": 45,
        "sizeFrom": 7,
        "sizeTo": 0.30,
        "offset": 60,
        "length": 100,
        "lifetime": 100,
        "colorFrom": "F3E979FF",
        "colorTo": "FFDA45FF",
        "cone": 360
        },
        {
        "type": "WaveEffect",
        "lifetime": 40,
        "sizeFrom": 0,
        "sizeTo": 100,
        "strokeFrom": 8,
        "strokeTo": 0.25,
        "colorFrom": "F3E979FF",
        "colorTo": "FFDA45FF"
          }
        ]
      },
		"despawnEffect": "instBomb",
		"shootEffect": "flakExplosion",
		"pierce": false,
		"smokeEffect": "none",
		"frontColor": "F3E979FF",
		"backColor": "FFDA45FF",
		"fragBullets": 12,
		"fragBullet": {
			"type": "flakBulletType",
		    "explodeRange": 20,
			"sprite" : "large-bomb",
			"status" : "melting",
			"collidesTiles": false,
            "collidesGround": false,
            "collidesAir": true,
			"height" : 15,
			"width" : 15,
			"shrinkX": 0,
			"shrinkY": 0,
			"spin" : 8,
			"lifetime": 120,
			"speed": 1.5,
			"damage" : 300,
			"splashDamage" : 600,
			"splashDamageRadius" : 32,	
			"hitEffect" : "massiveExplosion",
			"despawnEffect": "massiveExplosion",
			"frontColor": "F3E979FF",
			"backColor": "FFDA45FF"
		}
	},

	"requirements": [
        "silicon/1000",
        "plastanium/900",
        "oltuxium/650",
        "surge-alloy/500",
        "alpha-yellow/400"
	],
	"category": "turret",
	"research": "y-vanguard"
}
