{
    "type": "flying",
    "lowAltitude": true,
    "speed": 3.5,
    "accel": 0.5,
    "buildPower": 5,
    "buildSpeed": 5,
    "flying": true,
    "health": 750,
    "hitSize": 12,
    "armor": 3,
    "itemCapacity": 120,
    "engineOffset": 10.5,
    "range": 180,
    "maxRange": 180,
    "engineColor": "FFD37FFF",
    "aimDst": 180,
    "targetAir": true,
    "faceTarget": true,
	"weapons": [ {
            "name": "trinity-piercer",
            "x": 0,
            "y": 0,
            "mirror": false,
            "shootSound": "laser",
            "reload": 40,
            "bullet": {
                "hitEffect": {
                    "type": "ParticleEffect",
                    "line": true,
                    "offset": 30,
                    "particles": 13,
                    "lifetime": 33,
                    "length": 35,
                    "cone": -360,
                    "lenFrom": 6,
                    "lenTo": 0,
                    "colorFrom": "FFFFFF",
                    "colorTo": "FFA664FF"
                },
                "despawnEffect": {
                    "type": "ParticleEffect",
                    "line": true,
                    "offset": 30,
                    "particles": 13,
                    "lifetime": 33,
                    "length": 35,
                    "cone": -360,
                    "lenFrom": 6,
                    "lenTo": 0,
                    "colorFrom": "FFFFFF",
                    "colorTo": "FFA664FF"
                },
                "keepVelocity": false,
                "pierce": true,
                "pierceCap": 3,
                "pierceBuilding": true,
                "type": "basicBulletType",
                "sprite": "mindustrinity-armored-bullet",
                "damage": 175,
                "shrinkY": 0,
                "shrinkX": 0,
                "width": 8,
                "height": 23,
                "speed": 5.5,
                "frontColor": "FFCCA6FF",
                "backColor": "FFA664FF",
                "trailChance": 1,
                "trailRotation": true,
                "trailEffect": {
                    "type": "ParticleEffect",
                    "particles": 1,
                    "length": 0,
                    "lifetime": 20,
                    "sizeFrom": 4,
                    "colorFrom": "FFCCA6FF",
                    "colorTo": "FFA664AA"
                },
                "lifetime": 80,
                "homingRange": 80,
                "homingPower": 0.1
            }
        }
    ]
}